Religious/Greek and Roman/Plutarch - On Sparta (Penguin Classics) [Retail].azw3,CPU 90C > 85
Permaculture/Low-tech Magazine - Volume II -- Kris De Decker -- 2024 -- Low-tech Magazine -- isbn13 9781794796294 -- fd93d4de1b535b4ef0e31f2de804270f -- Anna’s Archive.epub,CPU 90C > 85
"Engineering/Computer Science/ML, AI, Data Science/Andrew P. McMahon - Machine Learning Engineering with Python (2023, Packt) - libgen.li.epub",CPU 104C > 85
"A Very Short Introduction/Elements,_The_-_OxfordUP.VSI_-_Ball,_Philip.Aug.2004.epub",CPU 104C > 85
"Art/Drawing for the Absolute and Utter Beginner, Revised 15th Anniversary Edition (Claire Watson Garcia) (z-lib.org).epub",CPU 86C > 85
to_sort/An Introduction to the Legal System of the United States Fourth Edition.epub,CPU 102C > 85
to_sort/As We May Think.epub,CPU 88C > 85
to_sort/Euclids Elements of Geometry.epub,CPU 105C > 85
to_sort/Carlisle Indian Industrial School Indigenous Histories Memories and Reclamations.epub,CPU 104C > 85
to_sort/The Quiet Americans Four CIA Spies at the Dawn of the Cold War a Tragedy in Three Acts.epub,CPU 95C > 85
to_sort/The Bauhaus group six masters of modernism.epub,CPU 95C > 85
to_sort/The BOOK of Data Structures and Algorithms in JavaScript.epub,CPU 102C > 85
