category,ext,suggested_fix,path
A Very Short Introduction,.azw3,"calibre ebook-convert -> .epub, then reconvert","./A Very Short Introduction/African_History__-_OxfordUP.VSI_-_Parker,_John_&_Rathbone,_Richard.Mar.2007.azw3"
A Very Short Introduction,.azw3,"calibre ebook-convert -> .epub, then reconvert","./A Very Short Introduction/American_History__-_OxfordUP.VSI_-_Boyer,_Paul_S_Aug.2012.azw3"
A Very Short Introduction,.azw3,"calibre ebook-convert -> .epub, then reconvert","./A Very Short Introduction/American_Immigration__-_OxfordUP.VSI_-_Gerber,_David_A_Jun.2011.azw3"
A Very Short Introduction,.azw3,"calibre ebook-convert -> .epub, then reconvert","./A Very Short Introduction/American_Politics__-_OxfordUP.VSI_-_Valelly,_Richard_M_Feb.2013.azw3"
A Very Short Introduction,.azw3,"calibre ebook-convert -> .epub, then reconvert","./A Very Short Introduction/Animal_Behaviour_-_OxfordUP.VSI_-_Wyatt,_Tristram_D_Feb.2017.azw3"
A Very Short Introduction,.azw3,"calibre ebook-convert -> .epub, then reconvert","./A Very Short Introduction/Bacteria__-_OxfordUP.VSI_-_Amyes,_Sebastian_G.B_May.2013.azw3"
A Very Short Introduction,.azw3,"calibre ebook-convert -> .epub, then reconvert","./A Very Short Introduction/Blues,_The_-_OxfordUP.VSI_-_Wald,_Elijah.Jul.2010.azw3"
A Very Short Introduction,.azw3,"calibre ebook-convert -> .epub, then reconvert","./A Very Short Introduction/British_Empire,_The_-_OxfordUP.VSI_-_Jackson,_Ashley.May.2013.azw3"
A Very Short Introduction,.azw3,"calibre ebook-convert -> .epub, then reconvert","./A Very Short Introduction/Byzantium__-_OxfordUP.VSI_-_Sarris,_Peter.Jul.2015.azw3"
A Very Short Introduction,.azw3,"calibre ebook-convert -> .epub, then reconvert","./A Very Short Introduction/Climate__-_OxfordUP.VSI_-_Maslin,_Mark.Jun.2013.azw3"
A Very Short Introduction,.azw3,"calibre ebook-convert -> .epub, then reconvert","./A Very Short Introduction/Colonial_Latin_American_Literature__-_OxfordUP.VSI_-_Adorno,_Rolena.Nov.2011.azw3"
A Very Short Introduction,.azw3,"calibre ebook-convert -> .epub, then reconvert","./A Very Short Introduction/Confucianism__-_OxfordUP.VSI_-_Gardner,_Daniel_K_Jul.2014.azw3"
A Very Short Introduction,.azw3,"calibre ebook-convert -> .epub, then reconvert","./A Very Short Introduction/Criminal_Justice__-_OxfordUP.VSI_-_Roberts,_Julian_V_Aug.2015.azw3"
A Very Short Introduction,.azw3,"calibre ebook-convert -> .epub, then reconvert","./A Very Short Introduction/Cultural_Revolution,_The_-_OxfordUP.VSI_-_Kraus,_Richard_Curt.Jan.2012.azw3"
A Very Short Introduction,.azw3,"calibre ebook-convert -> .epub, then reconvert","./A Very Short Introduction/Decolonization__-_OxfordUP.VSI_-_Kennedy,_Dane.Apr.2016.azw3"
A Very Short Introduction,.azw3,"calibre ebook-convert -> .epub, then reconvert","./A Very Short Introduction/Documentary_Film__-_OxfordUP.VSI_-_Aufderheide,_Patricia.Nov.2007.azw3"
A Very Short Introduction,.azw3,"calibre ebook-convert -> .epub, then reconvert","./A Very Short Introduction/Early_Music__-_OxfordUP.VSI_-_Kelly,_Thomas_Forrest.Mar.2011.azw3"
A Very Short Introduction,.azw3,"calibre ebook-convert -> .epub, then reconvert","./A Very Short Introduction/English_Language,_The_-_OxfordUP.VSI_-_Horobin,_Simon.Jan.2018.azw3"
A Very Short Introduction,.azw3,"calibre ebook-convert -> .epub, then reconvert","./A Very Short Introduction/Environmental_Economics__-_OxfordUP.VSI_-_Smith,_Stephen.Sep.2011.azw3"
A Very Short Introduction,.azw3,"calibre ebook-convert -> .epub, then reconvert","./A Very Short Introduction/Ethnomusicology__-_OxfordUP.VSI_-_Rice,_Timothy.Nov.2013.azw3"
A Very Short Introduction,.azw3,"calibre ebook-convert -> .epub, then reconvert","./A Very Short Introduction/Film_Music_-_OxfordUP.VSI_-_Kalinak,_Kathryn.Feb.2010.azw3"
A Very Short Introduction,.azw3,"calibre ebook-convert -> .epub, then reconvert","./A Very Short Introduction/Folk_Music__-_OxfordUP.VSI_-_Slobin,_Mark.Jan.2011.azw3"
A Very Short Introduction,.azw3,"calibre ebook-convert -> .epub, then reconvert","./A Very Short Introduction/Minerals_-_OxfordUP.VSI_-_Vaughan,_David.Sep.2014.azw3"
A Very Short Introduction,.azw3,"calibre ebook-convert -> .epub, then reconvert","./A Very Short Introduction/Modern_War__-_OxfordUP.VSI_-_English,_Richard.Jul.2013.azw3"
A Very Short Introduction,.azw3,"calibre ebook-convert -> .epub, then reconvert","./A Very Short Introduction/Mongols,_The_-_OxfordUP.VSI_-_Rossabi,_Morris.May.2012.azw3"
A Very Short Introduction,.azw3,"calibre ebook-convert -> .epub, then reconvert","./A Very Short Introduction/New_Testament_as_Literature,_The_-_OxfordUP.VSI_-_Keefer,_Kyle.Oct.2008.azw3"
A Very Short Introduction,.azw3,"calibre ebook-convert -> .epub, then reconvert","./A Very Short Introduction/North_American_Indians__-_OxfordUP.VSI_-_Perdue,_Theda.Aug.2010.azw3"
A Very Short Introduction,.azw3,"calibre ebook-convert -> .epub, then reconvert","./A Very Short Introduction/Orchestra,_The_-_OxfordUP.VSI_-_Holoman,_D._Kern.Sep.2012.azw3"
A Very Short Introduction,.azw3,"calibre ebook-convert -> .epub, then reconvert","./A Very Short Introduction/Perception_-_OxfordUP.VSI_-_Rogers,_Brian.Oct.2017.azw3"
A Very Short Introduction,.azw3,"calibre ebook-convert -> .epub, then reconvert","./A Very Short Introduction/Philosophy_of_Science__-_OxfordUP.VSI_-_Okasha,_Samir.May.2002.azw3"
A Very Short Introduction,.azw3,"calibre ebook-convert -> .epub, then reconvert","./A Very Short Introduction/Ritual__-_OxfordUP.VSI_-_Stephenson,_Barry.Jan.2015.azw3"
A Very Short Introduction,.azw3,"calibre ebook-convert -> .epub, then reconvert","./A Very Short Introduction/Secularism__-_OxfordUP.VSI_-_Copson,_Andrew.Jul.2019.azw3"
A Very Short Introduction,.azw3,"calibre ebook-convert -> .epub, then reconvert","./A Very Short Introduction/Sociolinguistics__-_OxfordUP.VSI_-_Edwards,_John.Jul.2013.azw3"
Religious,.azw3,"calibre ebook-convert -> .epub, then reconvert",./Religious/Asian Literature/Cao Xueqin - The Story of the Stone. The Golden Days (Volume I) (Penguin Classics) [Retail].azw3
Religious,.azw3,"calibre ebook-convert -> .epub, then reconvert",./Religious/Asian Literature/Murasaki Shikibu - The Diary of Lady Murasaki (Penguin Classics) [Retail].azw3
Religious,.azw3,"calibre ebook-convert -> .epub, then reconvert",./Religious/Greek and Roman/Apollonius of Rhodes - The Voyage of Argo (Penguin Classics) [Retail].azw3
Religious,.azw3,"calibre ebook-convert -> .epub, then reconvert",./Religious/Greek and Roman/Horace - The Complete Odes and Epodes (Penguin Classics) [Retail].azw3
Religious,.azw3,"calibre ebook-convert -> .epub, then reconvert",./Religious/Greek and Roman/Longus - Daphnis and Chloe (Penguin Classics) [Retail].azw3
Religious,.azw3,"calibre ebook-convert -> .epub, then reconvert",./Religious/Greek and Roman/Plutarch - On Sparta (Penguin Classics) [Retail].azw3
Religious,.azw3,"calibre ebook-convert -> .epub, then reconvert",./Religious/Greek and Roman/Plutarch - The Makers of Rome (Penguin Classics) [Retail].azw3
Religious,.azw3,"calibre ebook-convert -> .epub, then reconvert",./Religious/Greek and Roman/Plutarch - The Rise and Fall of Athens (Penguin Classics) [Retail].azw3
Religious,.azw3,"calibre ebook-convert -> .epub, then reconvert",./Religious/Greek and Roman/Polybius - The Rise of the Roman Empire (Penguin Classics) [Retail].azw3
Religious,.azw3,"calibre ebook-convert -> .epub, then reconvert",./Religious/Greek and Roman/The Cistercian World. Monastic Writings of the Twelfth Century (Penguin Classics) [Retail].azw3
Religious,.azw3,"calibre ebook-convert -> .epub, then reconvert",./Religious/Middle Ages/Margery Kempe - The Book of Margery Kempe (Penguin Classics) [Retail].azw3
Religious,.azw3,"calibre ebook-convert -> .epub, then reconvert",./Religious/Norse and Scandinavian/Gisli Sursson's Saga and the Saga of the People of Eyri (Penguin Classics) (Retail).azw3
Religious,.azw3,"calibre ebook-convert -> .epub, then reconvert",./Religious/Norse and Scandinavian/Njal's Saga (Penguin Classics) [Retail].azw3
Foreign Languages,.djvu,"ddjvu -format=pdf, then ocrmypdf + marker",./Foreign Languages/Japanese/01.Japanese Writing System/A Guide to Reading and Writing Japanese/A Guide to Reading and Writing Japanese.djvu
Foreign Languages,.djvu,"ddjvu -format=pdf, then ocrmypdf + marker",./Foreign Languages/Japanese/01.Japanese Writing System/Kana-Kanji de Manga/Kana de manga.djvu
Foreign Languages,.djvu,"ddjvu -format=pdf, then ocrmypdf + marker",./Foreign Languages/Japanese/01.Japanese Writing System/Kana-Kanji de Manga/Kanji de manga vol 2.djvu
Foreign Languages,.djvu,"ddjvu -format=pdf, then ocrmypdf + marker",./Foreign Languages/Japanese/01.Japanese Writing System/Let's learn Kanji/Let's learn Kanji.djvu
Foreign Languages,.djvu,"ddjvu -format=pdf, then ocrmypdf + marker",./Foreign Languages/Japanese/01.Japanese Writing System/Let's learn Kanji/Let's learn more Kanji.djvu
Foreign Languages,.djvu,"ddjvu -format=pdf, then ocrmypdf + marker",./Foreign Languages/Japanese/01.Japanese Writing System/Teach Yourself Beginner's Japanese Script/Teach Yourself Beginner's Japanese Script.djvu
Foreign Languages,.djvu,"ddjvu -format=pdf, then ocrmypdf + marker","./Foreign Languages/Japanese/02.Audio Courses, Textbooks/An Introduction to Modern Japanese/An Introduction to Modern Japanese Volume 1 Grammar Lessons.djvu"
Foreign Languages,.djvu,"ddjvu -format=pdf, then ocrmypdf + marker","./Foreign Languages/Japanese/02.Audio Courses, Textbooks/Bunka Nihongo Chuukyuu/Bunka Nihongo Chuukyuu 1 Intermediate Japanese Course/Bunka Nihongo Chuukyuu 1.djvu"
Foreign Languages,.djvu,"ddjvu -format=pdf, then ocrmypdf + marker","./Foreign Languages/Japanese/02.Audio Courses, Textbooks/Comprehending technical Japanese/Comprehending technical Japanese.djvu"
Foreign Languages,.djvu,"ddjvu -format=pdf, then ocrmypdf + marker","./Foreign Languages/Japanese/02.Audio Courses, Textbooks/Japanese for Everyone/Japanese for Everyone A Functional Approach to Daily Communication.djvu"
Foreign Languages,.djvu,"ddjvu -format=pdf, then ocrmypdf + marker","./Foreign Languages/Japanese/02.Audio Courses, Textbooks/Japanese in Mangaland/Japanese in Mangaland vol 1.djvu"
Foreign Languages,.djvu,"ddjvu -format=pdf, then ocrmypdf + marker","./Foreign Languages/Japanese/02.Audio Courses, Textbooks/Nihongo shuuchuu toreeningu shokyuu kara chuukyuu e An Intensive Training Course in Japanese/Nihongo shuuchuu toreeningu shokyuu kara chuukyuu e An Intensive Training Course in Japanese.djvu"
Foreign Languages,.djvu,"ddjvu -format=pdf, then ocrmypdf + marker","./Foreign Languages/Japanese/02.Audio Courses, Textbooks/Rapid Reading Japanese Improving Reading Skills of Intermediate and Advanced Students.djvu"
Foreign Languages,.djvu,"ddjvu -format=pdf, then ocrmypdf + marker","./Foreign Languages/Japanese/02.Audio Courses, Textbooks/Reading Japanese.djvu"
Foreign Languages,.djvu,"ddjvu -format=pdf, then ocrmypdf + marker","./Foreign Languages/Japanese/02.Audio Courses, Textbooks/Shin Nihongo no Kiso/Shin Nihongo no Kiso I/Shin Nihongo no Kiso(kanji workbook).djvu"
Foreign Languages,.djvu,"ddjvu -format=pdf, then ocrmypdf + marker","./Foreign Languages/Japanese/02.Audio Courses, Textbooks/Shin Nihongo no Kiso/Shin Nihongo no Kiso I/Shin Nihongo no Kiso.djvu"
Foreign Languages,.djvu,"ddjvu -format=pdf, then ocrmypdf + marker","./Foreign Languages/Japanese/03.Grammar, Workbooks, Usage/Grammar/Japanese A Comprehensive Grammar.djvu"
Foreign Languages,.djvu,"ddjvu -format=pdf, then ocrmypdf + marker","./Foreign Languages/Japanese/03.Grammar, Workbooks, Usage/Japanese Beyond Words How to Walk and Talk Like a Native Speaker.djvu"
Foreign Languages,.djvu,"ddjvu -format=pdf, then ocrmypdf + marker","./Foreign Languages/Japanese/03.Grammar, Workbooks, Usage/Kanzen Master Japanese Grammar Bunpou 1, 2, 3/Kanzen Master Bunpou 2kyuu.djvu"
Foreign Languages,.djvu,"ddjvu -format=pdf, then ocrmypdf + marker","./Foreign Languages/Japanese/03.Grammar, Workbooks, Usage/Particles/A Dictionary of Japanese Particles.djvu"
Foreign Languages,.djvu,"ddjvu -format=pdf, then ocrmypdf + marker","./Foreign Languages/Japanese/03.Grammar, Workbooks, Usage/The handbook of Japanese adjectives and adverbs.djvu"
Foreign Languages,.djvu,"ddjvu -format=pdf, then ocrmypdf + marker","./Foreign Languages/Japanese/04.Vocabulary, Expressions, Idioms/VocabuLearn Japanese Complete/Level 1/VocabuLearn Level 1.djvu"
Foreign Languages,.djvu,"ddjvu -format=pdf, then ocrmypdf + marker","./Foreign Languages/Japanese/04.Vocabulary, Expressions, Idioms/VocabuLearn Japanese Complete/Level 2/VocabuLearn Level 2.djvu"
Foreign Languages,.djvu,"ddjvu -format=pdf, then ocrmypdf + marker","./Foreign Languages/Japanese/04.Vocabulary, Expressions, Idioms/VocabuLearn Japanese Complete/Level 3/VocabuLearn Level 3.djvu"
Foreign Languages,.djvu,"ddjvu -format=pdf, then ocrmypdf + marker","./Foreign Languages/Japanese/05.Children's Books, Readers/Japanese Readers/Breaking into Japanese Literature Seven Modern Classics in Parallel Text.djvu"
Foreign Languages,.djvu,"ddjvu -format=pdf, then ocrmypdf + marker","./Foreign Languages/Japanese/05.Children's Books, Readers/Japanese Readers/Exploring Japanese Literature Read Mishima, Tanizaki, and Kawabata in the Original.djvu"
Foreign Languages,.djvu,"ddjvu -format=pdf, then ocrmypdf + marker","./Foreign Languages/Japanese/05.Children's Books, Readers/Japanese Readers/Moons, Months and Seasons A Pre-Intermediate Japanese Reader.djvu"
Foreign Languages,.djvu,"ddjvu -format=pdf, then ocrmypdf + marker","./Foreign Languages/Japanese/05.Children's Books, Readers/Japanese Readers/Read Real Japanese All You Need to Enjoy Eight Contemporary Writers.djvu"
Foreign Languages,.djvu,"ddjvu -format=pdf, then ocrmypdf + marker","./Foreign Languages/Japanese/06.Dictionaries, Phrasebooks/Dirty Japanese Everyday Slang.djvu"
Foreign Languages,.djvu,"ddjvu -format=pdf, then ocrmypdf + marker","./Foreign Languages/Japanese/06.Dictionaries, Phrasebooks/NTC's New Japanese-English Character Dictionary.djvu"
Foreign Languages,.djvu,"ddjvu -format=pdf, then ocrmypdf + marker","./Foreign Languages/Japanese/06.Dictionaries, Phrasebooks/The Kodansha Kanji Learners Dictionary.djvu"
Foreign Languages,.djvu,"ddjvu -format=pdf, then ocrmypdf + marker",./Foreign Languages/Japanese/08.Miscellaneous/Introduction to Japanese Pronunciation Theory and Practice/Book.djvu
Math _ Logic,.djvu,"ddjvu -format=pdf, then ocrmypdf + marker",./Math _ Logic/Math Bibles/(The Art of Problem Solving) David Patrick - Introduction to Counting _ Probability-Aops Inc (2007).djvu
Math _ Logic,.djvu,"ddjvu -format=pdf, then ocrmypdf + marker",./Math _ Logic/Math Bibles/Richard Rusczyk - Introduction to algebra (the art of problem solving)-AoPS Incorporated (2007).djvu
Philosophy,.djvu,"ddjvu -format=pdf, then ocrmypdf + marker","./Philosophy/Richard Lewontin - The Triple Helix_ Gene, Organism, and Environment-Harvard University Press (2002).djvu"
Survival,.djvu,"ddjvu -format=pdf, then ocrmypdf + marker","./Survival/Kurt Saxon. - Fireworks & explosives like Granddad used to make (1975, Atlan Formularies) - libgen.li.djvu"
Engineering,.docx,pandoc -f docx -t gfm,./Engineering/Computer Science/Basically any other topic_s books can be found her.docx
Engineering,.docx,pandoc -f docx -t gfm,./Engineering/Electrical and Computer Engineering/SM/Chapter_06.doc.docx
Engineering,.docx,pandoc -f docx -t gfm,./Engineering/Electrical and Computer Engineering/SM/Chapter_08.doc.docx
Fiction,.docx,pandoc -f docx -t gfm,./Fiction/Discworld Novels/Extras/The Science of Discworld (1605)/Science of Discworld.docx
Games,.docx,pandoc -f docx -t gfm,./Games/Chess/Winning Chess/order to read.docx
A Very Short Introduction,.epub,retry (likely DRM or malformed); calibre ebook-convert repair,"./A Very Short Introduction/Derrida_-_OxfordUP.VSI_-_Glendinning,_Simon.Aug.2011.epub"
A Very Short Introduction,.epub,retry (likely DRM or malformed); calibre ebook-convert repair,"./A Very Short Introduction/Elements,_The_-_OxfordUP.VSI_-_Ball,_Philip.Aug.2004.epub"
Art,.epub,retry (likely DRM or malformed); calibre ebook-convert repair,"./Art/Drawing for the Absolute and Utter Beginner, Revised 15th Anniversary Edition (Claire Watson Garcia) (z-lib.org).epub"
Engineering,.epub,retry (likely DRM or malformed); calibre ebook-convert repair,"./Engineering/Andrew P. McMahon - Machine Learning Engineering with Python (2023, Packt) - libgen.li.epub"
Engineering,.epub,retry (likely DRM or malformed); calibre ebook-convert repair,"./Engineering/Computer Science/ML, AI, Data Science/Andrew P. McMahon - Machine Learning Engineering with Python (2023, Packt) - libgen.li.epub"
Fiction,.epub,retry (likely DRM or malformed); calibre ebook-convert repair,"./Fiction/Selby, Hubert Jr - Requiem for a Dream (2000, Da Capo Press) - libgen.li.epub"
Fiction,.epub,retry (likely DRM or malformed); calibre ebook-convert repair,"./Fiction/The Decay of the Angel — The Sea of Fertility (#4) -- Yukio Mishima, Edward G_ Seidensticker (translation) -- The Sea of Fertility, 4, 1970 -- Vintage -- isbn13 9780099284574 -- 2df455137be95ee9c8d02c0e6d355dcc --.epub"
Fiction,.epub,retry (likely DRM or malformed); calibre ebook-convert repair,"./Fiction/[Sea of Fertility 1 ] Mishima, Yukio - Spring Snow (CCV Digital) - libgen.li.epub"
Fiction,.epub,retry (likely DRM or malformed); calibre ebook-convert repair,"./Fiction/[Sea of Fertility 2 ] Mishima, Yukio - Runaway Horses (CCV Digital) - libgen.li.epub"
Fiction,.epub,retry (likely DRM or malformed); calibre ebook-convert repair,"./Fiction/[Sea of Fertility 3 ] Mishima, Yukio - Temple of Dawn (CCV Digital) - libgen.li.epub"
Foreign Languages,.epub,retry (likely DRM or malformed); calibre ebook-convert repair,"./Foreign Languages/Mandarin Chinese/Harry Potter-All Seven Volumes (Chinese Edition) (J.K Rowling) (z-library.sk, 1lib.sk, z-lib.sk).epub"
Games,.epub,retry (likely DRM or malformed); calibre ebook-convert repair,"./Games/The Art of Learning_ A Journey in the Pursuit of Excellence -- Waitzkin, Josh -- 2007 -- Free Press -- 50b55b3cd47f8163640fc8c9482e1609 -- Anna’s Archive.epub"
Games,.epub,retry (likely DRM or malformed); calibre ebook-convert repair,"./Games/The proteus paradox _ how online games and virtual worlds -- Yee, Nick -- Yale University Press, New Haven, 2014 -- Yale University Press -- isbn13 9780300190991 -- 58e42569341a95ced8822f3772a29a11 -- Anna’s Archive.epub"
Pedagogy,.epub,retry (likely DRM or malformed); calibre ebook-convert repair,"./Pedagogy/Using Educational Psychology in Teaching -- Paul Eggen, Don Kauchak -- 11, 2020 -- Pearson -- 9780135468029 -- c4c73941ab13bf8a36c25c008eb658a0 -- Anna’s Archive.epub"
Permaculture,.epub,retry (likely DRM or malformed); calibre ebook-convert repair,"./Permaculture/Heating People, Not Spaces -- Kris De Decker -- 2024 -- Low-tech Magazine -- isbn13 9781446667828 -- ce433dad47d5c0428ccf8d770a782f42 -- Anna’s Archive.epub"
Permaculture,.epub,retry (likely DRM or malformed); calibre ebook-convert repair,./Permaculture/Low-tech Magazine - Volume II -- Kris De Decker -- 2024 -- Low-tech Magazine -- isbn13 9781794796294 -- fd93d4de1b535b4ef0e31f2de804270f -- Anna’s Archive.epub
Social Sciences,.epub,retry (likely DRM or malformed); calibre ebook-convert repair,"./Social Sciences/An Introduction to the Principles of Morals and Legislation (The Collected Works of Jeremy Bentham) by Bentham, Jeremy (z-lib.org).epub"
Social Sciences,.epub,retry (likely DRM or malformed); calibre ebook-convert repair,"./Social Sciences/Inventing reality _ the politics of news media -- Michael Parenti -- Paperback, 1992 -- Cengage Learning -- isbn13 9780312020132 -- 94783d8c2537e02be7c11c7a8ce6d4e1 -- Anna’s Archive.epub"
Social Sciences,.epub,retry (likely DRM or malformed); calibre ebook-convert repair,./Social Sciences/Martin Jay - Splinters in Your Eye_ Frankfurt School Provocations (Verso) - libgen.li.epub
Social Sciences,.epub,retry (likely DRM or malformed); calibre ebook-convert repair,"./Social Sciences/Splinters in Your Eye _ Frankfurt School Provocations -- Martin E_ Jay -- Penguin Random House LLC (Publisher Services), London, 2020 -- Verso Books -- isbn13 9781788736015 -- acc5bdf7e56681b4abdac44144b755fb -- Anna’s Archi.epub"
Survival,.epub,retry (likely DRM or malformed); calibre ebook-convert repair,"./Survival/North, Ryan - How to invent everything _ a survival guide for the stranded time traveler (2018, Riverhead Books) - libgen.li.epub"
Foreign Languages,.htm,pandoc -f html -t gfm,"./Foreign Languages/Japanese/06.Dictionaries, Phrasebooks/Japanese talking dictionary [prog]/install.htm"
Foreign Languages,.htm,pandoc -f html -t gfm,./Foreign Languages/Japanese/08.Miscellaneous/Game/JRPG/JRPG.htm
Foreign Languages,.htm,pandoc -f html -t gfm,./Foreign Languages/Japanese/08.Miscellaneous/Game/Slime Forest Adventure/Slime Forest Adventure.htm
Foreign Languages,.htm,pandoc -f html -t gfm,./Foreign Languages/Japanese/08.Miscellaneous/websites/Freesites/Anki.htm
Foreign Languages,.htm,pandoc -f html -t gfm,./Foreign Languages/Japanese/08.Miscellaneous/websites/Freesites/Denshi Jisho.htm
Foreign Languages,.htm,pandoc -f html -t gfm,./Foreign Languages/Japanese/08.Miscellaneous/websites/Freesites/Forvo.htm
Foreign Languages,.htm,pandoc -f html -t gfm,./Foreign Languages/Japanese/08.Miscellaneous/websites/Freesites/JGram.htm
Foreign Languages,.htm,pandoc -f html -t gfm,./Foreign Languages/Japanese/08.Miscellaneous/websites/Freesites/Lang-8.htm
Foreign Languages,.htm,pandoc -f html -t gfm,./Foreign Languages/Japanese/08.Miscellaneous/websites/Freesites/Memrise.htm
Foreign Languages,.htm,pandoc -f html -t gfm,./Foreign Languages/Japanese/08.Miscellaneous/websites/Freesites/RealKana.htm
Foreign Languages,.htm,pandoc -f html -t gfm,./Foreign Languages/Japanese/08.Miscellaneous/websites/Freesites/RhinoSpike.htm
Foreign Languages,.htm,pandoc -f html -t gfm,./Foreign Languages/Japanese/08.Miscellaneous/websites/Freesites/Rikaichan.htm
Foreign Languages,.htm,pandoc -f html -t gfm,./Foreign Languages/Japanese/08.Miscellaneous/websites/Freesites/Tae Kim's Guide to Learning Japanese.htm
Foreign Languages,.htm,pandoc -f html -t gfm,./Foreign Languages/Japanese/08.Miscellaneous/websites/Freesites/subs2srs.htm
Foreign Languages,.htm,pandoc -f html -t gfm,./Foreign Languages/Japanese/08.Miscellaneous/websites/Freesites/tofugu.htm
Foreign Languages,.htm,pandoc -f html -t gfm,./Foreign Languages/Japanese/08.Miscellaneous/websites/Paysites/Gakuu.htm
Foreign Languages,.htm,pandoc -f html -t gfm,./Foreign Languages/Japanese/08.Miscellaneous/websites/Paysites/Japanesepod101.htm
Foreign Languages,.htm,pandoc -f html -t gfm,./Foreign Languages/Japanese/08.Miscellaneous/websites/Paysites/LinguaLift.htm
Foreign Languages,.htm,pandoc -f html -t gfm,./Foreign Languages/Japanese/08.Miscellaneous/websites/Paysites/Mango Languages.htm
Foreign Languages,.htm,pandoc -f html -t gfm,./Foreign Languages/Japanese/08.Miscellaneous/websites/Paysites/ReadTheKanji.htm
Foreign Languages,.htm,pandoc -f html -t gfm,./Foreign Languages/Japanese/08.Miscellaneous/websites/Paysites/Skritter.htm
Foreign Languages,.htm,pandoc -f html -t gfm,./Foreign Languages/Japanese/08.Miscellaneous/websites/Paysites/Texfugu.htm
Foreign Languages,.htm,pandoc -f html -t gfm,./Foreign Languages/Japanese/08.Miscellaneous/websites/Paysites/iknow.htm
Foreign Languages,.htm,pandoc -f html -t gfm,./Foreign Languages/Japanese/08.Miscellaneous/websites/Paysites/kanjiroushi.htm
Foreign Languages,.htm,pandoc -f html -t gfm,./Foreign Languages/Japanese/08.Miscellaneous/websites/Paysites/learn-japanese.htm
Foreign Languages,.htm,pandoc -f html -t gfm,./Foreign Languages/Japanese/08.Miscellaneous/websites/Paysites/speedanki.htm
Music,.htm,pandoc -f html -t gfm,"./Music/Books I Used in Music School (from Beginner to Doctorate) _ Music Theory, History, Research — Ylan Chu.htm"
Engineering,.html,pandoc -f html -t gfm,./Engineering/Computer Science/Software Development/Fundamentals of Software Architecture.html
Games,.html,pandoc -f html -t gfm,./Games/Chess.html
_Self Help_,.html,pandoc -f html -t gfm,./_Self Help_/The Inner Game of Tennis.html
A Very Short Introduction,.mobi,"calibre ebook-convert -> .epub, then reconvert","./A Very Short Introduction/Beauty_-_OxfordUP.VSI_-_Scruton,_Roger.Mar.2009.mobi"
A Very Short Introduction,.mobi,"calibre ebook-convert -> .epub, then reconvert","./A Very Short Introduction/Cancer__-_OxfordUP.VSI_-_James,_Nick.May.2011.mobi"
A Very Short Introduction,.mobi,"calibre ebook-convert -> .epub, then reconvert","./A Very Short Introduction/Chinese_Literature__-_OxfordUP.VSI_-_Knight,_Sabina.Jan.2012.mobi"
A Very Short Introduction,.mobi,"calibre ebook-convert -> .epub, then reconvert","./A Very Short Introduction/Dictionaries_-_OxfordUP.VSI_-_Mugglestone,_Lynda.Aug.2011.mobi"
A Very Short Introduction,.mobi,"calibre ebook-convert -> .epub, then reconvert","./A Very Short Introduction/Galaxies__-_OxfordUP.VSI_-_Gribbin,_John.Mar.2008.mobi"
A Very Short Introduction,.mobi,"calibre ebook-convert -> .epub, then reconvert","./A Very Short Introduction/Koran,_The_-_OxfordUP.VSI_-_Cook,_Michael.Feb.2000.mobi"
A Very Short Introduction,.mobi,"calibre ebook-convert -> .epub, then reconvert","./A Very Short Introduction/Late_Antiquity__-_OxfordUP.VSI_-_Clark,_Gillian.Feb.2011.mobi"
A Very Short Introduction,.mobi,"calibre ebook-convert -> .epub, then reconvert","./A Very Short Introduction/Modern_France__-_OxfordUP.VSI_-_Schwartz,_Vanessa_R_Oct.2011.mobi"
A Very Short Introduction,.mobi,"calibre ebook-convert -> .epub, then reconvert","./A Very Short Introduction/Modern_Latin_American_Literature__-_OxfordUP.VSI_-_Gonzalez_Echevarria,_Roberto.Jan.2012.mobi"
A Very Short Introduction,.mobi,"calibre ebook-convert -> .epub, then reconvert","./A Very Short Introduction/Moons_-_OxfordUP.VSI_-_Rothery,_David_A_Sep.2015.mobi"
A Very Short Introduction,.mobi,"calibre ebook-convert -> .epub, then reconvert","./A Very Short Introduction/Nuclear_Physics_-_OxfordUP.VSI_-_Close,_Frank.May.2015.mobi"
A Very Short Introduction,.mobi,"calibre ebook-convert -> .epub, then reconvert","./A Very Short Introduction/Paganism__-_OxfordUP.VSI_-_Davies,_Owen.May.2011.mobi"
A Very Short Introduction,.mobi,"calibre ebook-convert -> .epub, then reconvert","./A Very Short Introduction/Reality__-_OxfordUP.VSI_-_Westerhoff,_Jan.Nov.2011.mobi"
A Very Short Introduction,.mobi,"calibre ebook-convert -> .epub, then reconvert","./A Very Short Introduction/Risk_-_OxfordUP.VSI_-_Fischhoff,_Baruch_&_Kadvany,_John.May.2011.mobi"
A Very Short Introduction,.mobi,"calibre ebook-convert -> .epub, then reconvert","./A Very Short Introduction/Sociology_-_OxfordUP.VSI_-_Bruce,_Steve.Sep.2018.mobi"
Philosophy,.mobi,"calibre ebook-convert -> .epub, then reconvert","./Philosophy/Noam Chomsky, David Barsamian, Arthur Naiman - How the World Works-Soft Skull Press (2011).mobi"
Religious,.mobi,"calibre ebook-convert -> .epub, then reconvert",./Religious/Greek and Roman/Plotinus - The Enneads (Penguin Classics) [Retail].mobi
Religious,.mobi,"calibre ebook-convert -> .epub, then reconvert",./Religious/Greek and Roman/Xenophon - A History of My Times (Hellenica) (Penguin Classics) [Retail].mobi
Religious,.mobi,"calibre ebook-convert -> .epub, then reconvert",./Religious/Other/A Celtic Miscellany (Penguin Classics) [Retail].mobi
Art,.pdf,marker (text PDFs) / ocrmypdf then marker (scans),./Art/Drawing/Color and Light A Guide for the Realist Painter (James Gurney) (z-lib.org).pdf
Art,.pdf,marker (text PDFs) / ocrmypdf then marker (scans),./Art/Drawing/Creative Illustration by Andrew Loomis (z-lib.org).pdf
Art,.pdf,marker (text PDFs) / ocrmypdf then marker (scans),./Art/Drawing/Drawing the Head and Hands by Andrew Loomis (z-lib.org).pdf
Art,.pdf,marker (text PDFs) / ocrmypdf then marker (scans),./Art/Drawing/Figure Drawing for All Its Worth by Andrew Loomis (z-lib.org).pdf
Art,.pdf,marker (text PDFs) / ocrmypdf then marker (scans),./Art/Drawing/Framed Ink Drawing and Composition for Visual Storytellers (Marcos Mateu-Mestre) (z-lib.org).pdf
Art,.pdf,marker (text PDFs) / ocrmypdf then marker (scans),"./Art/Drawing/How To Draw Comics The Marvel Way by Stan Lee, John Buscema (z-lib.org).pdf"
Art,.pdf,marker (text PDFs) / ocrmypdf then marker (scans),./Art/Drawing/Imaginative Realism How to Paint What Doesn’t Exist (James Gurney) (z-lib.org).pdf
Art,.pdf,marker (text PDFs) / ocrmypdf then marker (scans),./Art/Drawing/Successful Drawing by Andrew Loomis (z-lib.org).pdf
Art,.pdf,marker (text PDFs) / ocrmypdf then marker (scans),"./Art/Literature _ Screenwriting/Story Substance, Structure, Style and The Principles of Screenwriting by Robert Mckee (z-lib.org).pdf"
Buisness,.pdf,marker (text PDFs) / ocrmypdf then marker (scans),./Buisness/Finance/Algorithmic Trading and DMA An introduction to direct access trading strategies by Barry Johnson (z-lib.org).pdf
Engineering,.pdf,marker (text PDFs) / ocrmypdf then marker (scans),./Engineering/Computer Science/C-C++/test-your-c-skill.pdf
Engineering,.pdf,marker (text PDFs) / ocrmypdf then marker (scans),./Engineering/Computer Science/Game Dev/game-programmer.pdf
Engineering,.pdf,marker (text PDFs) / ocrmypdf then marker (scans),./Engineering/Computer Science/General Computing/Introduction-To-The-Theory-Of-Computation-Michael-Sipser.pdf
Engineering,.pdf,marker (text PDFs) / ocrmypdf then marker (scans),"./Engineering/Computer Science/High Performance Computing/Tanenbaum, Andrew S._ Van Steen, Maarten - Distributed systems Principles and paradigms-Pearson (2017).pdf"
Engineering,.pdf,marker (text PDFs) / ocrmypdf then marker (scans),./Engineering/Computer Science/LaTeX/The Latex Companion-2Ed_2004.pdf
Engineering,.pdf,marker (text PDFs) / ocrmypdf then marker (scans),"./Engineering/Computer Science/ML, AI, Data Science/Explainable and Interpretable Reinforcement Learning for -- Aaron M_ Roth, Dinesh Manocha, Ram D_ Sriram, Elham Tabassi -- 1st ed_ 2024, PT, 2024 -- isbn13 9783031475177 -- 5bbe7d1a9a51bd688fce448af82143bb -- Anna’s Arch.pdf"
Engineering,.pdf,marker (text PDFs) / ocrmypdf then marker (scans),"./Engineering/Computer Science/ML, AI, Data Science/Large Language Models_ A Deep Dive _ Bridging Theory and -- Uday Kamath, Kevin Keenan, Garrett Somers, Sarah Sorenson -- 2, 2025 -- Springer Nature -- 9783031656460 -- d2480a0d588f020a515e282b1707c5e6 -- Anna’s Archi.pdf"
Engineering,.pdf,marker (text PDFs) / ocrmypdf then marker (scans),"./Engineering/Computer Science/Other/Cracking the Coding Interview, 6th Edition.pdf"
Engineering,.pdf,marker (text PDFs) / ocrmypdf then marker (scans),./Engineering/Computer Science/Software Development/Agile Software Development Principles Patterns And.pdf
Engineering,.pdf,marker (text PDFs) / ocrmypdf then marker (scans),./Engineering/Computer Science/Software Development/The_Art_of_Computer_Programming - Vol 1.pdf
Engineering,.pdf,marker (text PDFs) / ocrmypdf then marker (scans),./Engineering/Electrical and Computer Engineering/An Introduction to Semiconductor Devices 1st ed. by Donald Neamen/pages0-99.pdf
Engineering,.pdf,marker (text PDFs) / ocrmypdf then marker (scans),./Engineering/Electrical and Computer Engineering/An Introduction to Semiconductor Devices 1st ed. by Donald Neamen/pages100-199.pdf
Engineering,.pdf,marker (text PDFs) / ocrmypdf then marker (scans),./Engineering/Electrical and Computer Engineering/An Introduction to Semiconductor Devices 1st ed. by Donald Neamen/pages200-299.pdf
Engineering,.pdf,marker (text PDFs) / ocrmypdf then marker (scans),./Engineering/Electrical and Computer Engineering/An Introduction to Semiconductor Devices 1st ed. by Donald Neamen/pages300-399.pdf
Engineering,.pdf,marker (text PDFs) / ocrmypdf then marker (scans),./Engineering/Electrical and Computer Engineering/An Introduction to Semiconductor Devices 1st ed. by Donald Neamen/pages400-499.pdf
Engineering,.pdf,marker (text PDFs) / ocrmypdf then marker (scans),./Engineering/Electrical and Computer Engineering/An Introduction to Semiconductor Devices 1st ed. by Donald Neamen/pages500-599.pdf
Engineering,.pdf,marker (text PDFs) / ocrmypdf then marker (scans),./Engineering/Electrical and Computer Engineering/An Introduction to Semiconductor Devices 1st ed. by Donald Neamen/pages600-699.pdf
Engineering,.pdf,marker (text PDFs) / ocrmypdf then marker (scans),./Engineering/Electrical and Computer Engineering/Crochiere - Multirate Digital Signal Processing-Prentice Hall (1983).pdf
Engineering,.pdf,marker (text PDFs) / ocrmypdf then marker (scans),./Engineering/Electrical and Computer Engineering/FE review manual rapid preparation for the general fundamentals of engineering exam by Michael R. Lindeburg (z-lib.org).pdf
Engineering,.pdf,marker (text PDFs) / ocrmypdf then marker (scans),"./Engineering/Electrical and Computer Engineering/James Kurose, Keith Ross - Computer Networking_ A Top-Down Approach (7th Edition)-Pearson (2016).pdf"
Engineering,.pdf,marker (text PDFs) / ocrmypdf then marker (scans),"./Engineering/Electrical and Computer Engineering/John G. Proakis, Dimitris K Manolakis - Digital Signal Processing_ Principles, Algorithms and Applications -Prentice Hall (1995).pdf"
Engineering,.pdf,marker (text PDFs) / ocrmypdf then marker (scans),./Engineering/Electrical and Computer Engineering/Microelectronic-Circuits-7e-solution manual.pdf
Engineering,.pdf,marker (text PDFs) / ocrmypdf then marker (scans),./Engineering/Electrical and Computer Engineering/Signal Processing _ Linear Systems Soln.pdf
Engineering,.pdf,marker (text PDFs) / ocrmypdf then marker (scans),./Engineering/Electrical and Computer Engineering/Signal Processing _ Linear Systems.pdf
Engineering,.pdf,marker (text PDFs) / ocrmypdf then marker (scans),./Engineering/Electrical and Computer Engineering/Signal Processing and Linear Systems - B P Lathi - Solutions Manual.pdf
Engineering,.pdf,marker (text PDFs) / ocrmypdf then marker (scans),./Engineering/Electrical and Computer Engineering/Signal Proessing _ Linear Systems - BP Lathi.pdf
Engineering,.pdf,marker (text PDFs) / ocrmypdf then marker (scans),./Engineering/Electrical and Computer Engineering/Tom Hayes_ Paul Horowitz - Learning the Art of Electronics_ A Hands-On Lab Course-Cambridge University Press (2016).pdf
Engineering,.pdf,marker (text PDFs) / ocrmypdf then marker (scans),"./Engineering/Mechanical Engineering/Thermodynamics Concepts and Applications by Stephen R. Turns, Laura L. Pauley (z-lib.org).pdf"
Fiction,.pdf,marker (text PDFs) / ocrmypdf then marker (scans),./Fiction/2015.16166.Brighton-Rock.pdf
Fiction,.pdf,marker (text PDFs) / ocrmypdf then marker (scans),"./Fiction/Girish Karnad, - The fire and the rain - libgen.li.pdf"
Fitness,.pdf,marker (text PDFs) / ocrmypdf then marker (scans),./Fitness/Squat manual -- Chad Wesley Smith -- f04c36a186311e278a820fee7a76770e -- Anna’s Archive.pdf
Fitness,.pdf,marker (text PDFs) / ocrmypdf then marker (scans),./Fitness/Strength Training Anatomy - 2nd Edition (Frederic Delavier) (z-lib.org).pdf
Fitness,.pdf,marker (text PDFs) / ocrmypdf then marker (scans),"./Fitness/Supertraining (Yuri V. Verkhoshansky, Mel C. Siff) (z-lib.org).pdf"
Fitness,.pdf,marker (text PDFs) / ocrmypdf then marker (scans),./Fitness/The Training of the Weightlifter -- R_ A_ Roman -- 3ad4c875013848bb195d5222f755b696 -- Anna’s Archive.pdf
Foreign Languages,.pdf,marker (text PDFs) / ocrmypdf then marker (scans),"./Foreign Languages/Hindi/The Oxford Hindi-English dictionary (Ronald Stuart McGregor) (z-library.sk, 1lib.sk, z-lib.sk).pdf"
Foreign Languages,.pdf,marker (text PDFs) / ocrmypdf then marker (scans),"./Foreign Languages/Hindi/[Teach Yourself] Rupert Snell with Simon Weightman - Complete Hindi (2016, John Murray Learning) - libgen.li.pdf"
Foreign Languages,.pdf,marker (text PDFs) / ocrmypdf then marker (scans),./Foreign Languages/Japanese/01.Japanese Writing System/A Guide to learning Hiragana and Katakana/A Guide to learning Hiragana and Katakana.pdf
Foreign Languages,.pdf,marker (text PDFs) / ocrmypdf then marker (scans),./Foreign Languages/Japanese/01.Japanese Writing System/A guide to remembering Japanese characters/A guide to remembering Japanese characters.pdf
Foreign Languages,.pdf,marker (text PDFs) / ocrmypdf then marker (scans),./Foreign Languages/Japanese/01.Japanese Writing System/A guide to writing Kanji and Kana Book/A guide to writing Kanji and Kana Book 1.pdf
Foreign Languages,.pdf,marker (text PDFs) / ocrmypdf then marker (scans),./Foreign Languages/Japanese/01.Japanese Writing System/A guide to writing Kanji and Kana Book/A guide to writing Kanji and Kana Book 2.pdf
Foreign Languages,.pdf,marker (text PDFs) / ocrmypdf then marker (scans),"./Foreign Languages/Japanese/01.Japanese Writing System/Basic kanji book/Basic kanji book 1,2.pdf"
Foreign Languages,.pdf,marker (text PDFs) / ocrmypdf then marker (scans),./Foreign Languages/Japanese/01.Japanese Writing System/Doraemon Kokugo Omoshiro Kouryaku Utatte Kakeru Shougaku Kanji 1006/Doraemon Kokugo Omoshiro Kouryaku Utatte Kakeru Shougaku Kanji 1006.pdf
Foreign Languages,.pdf,marker (text PDFs) / ocrmypdf then marker (scans),./Foreign Languages/Japanese/01.Japanese Writing System/Intermediate Kanji Book/Intermediate Kanji Book 1.pdf
Foreign Languages,.pdf,marker (text PDFs) / ocrmypdf then marker (scans),./Foreign Languages/Japanese/01.Japanese Writing System/Intermediate Kanji Book/Intermediate Kanji Book 2.pdf
Foreign Languages,.pdf,marker (text PDFs) / ocrmypdf then marker (scans),./Foreign Languages/Japanese/01.Japanese Writing System/Kana-Kanji de Manga/Kanji de manga vol 1.pdf
Foreign Languages,.pdf,marker (text PDFs) / ocrmypdf then marker (scans),./Foreign Languages/Japanese/01.Japanese Writing System/Kanji Mnemonics/Kanji Mnemonics Instruction Manual For Learning Japanese Characters.pdf
Foreign Languages,.pdf,marker (text PDFs) / ocrmypdf then marker (scans),"./Foreign Languages/Japanese/01.Japanese Writing System/Kanji Power/Kanji Pict-O-Graphix/Kanji Pict-O-Graphix Over 1,000 Japanese Kanji and Kana Mnemonics.pdf"
Foreign Languages,.pdf,marker (text PDFs) / ocrmypdf then marker (scans),./Foreign Languages/Japanese/01.Japanese Writing System/Kanji Power/Kanji Power A Workbook for Mastering Japanese Characters.pdf
Foreign Languages,.pdf,marker (text PDFs) / ocrmypdf then marker (scans),./Foreign Languages/Japanese/01.Japanese Writing System/Kanji in context/Kanji in context.pdf
Foreign Languages,.pdf,marker (text PDFs) / ocrmypdf then marker (scans),./Foreign Languages/Japanese/01.Japanese Writing System/Kanji isn't that hard/Kanji isn't that hard (Kanji wa muzukashiku nai).pdf
Foreign Languages,.pdf,marker (text PDFs) / ocrmypdf then marker (scans),./Foreign Languages/Japanese/01.Japanese Writing System/Remembering The/Remembering The Kana/Remembering The Kana Part 1 Hiragana.pdf
Foreign Languages,.pdf,marker (text PDFs) / ocrmypdf then marker (scans),./Foreign Languages/Japanese/01.Japanese Writing System/Remembering The/Remembering The Kana/Remembering The Kana Part 2 Katakana.pdf
Foreign Languages,.pdf,marker (text PDFs) / ocrmypdf then marker (scans),./Foreign Languages/Japanese/01.Japanese Writing System/Remembering The/Remembering The Kanji/Remembering the Kanji 2.pdf
Foreign Languages,.pdf,marker (text PDFs) / ocrmypdf then marker (scans),./Foreign Languages/Japanese/01.Japanese Writing System/Ryuugakusei no Tame no Kanji no Kyoukasho Chuukyuu 700/Ryuugakusei no Tame no Kanji no Kyoukasho Chuukyuu 700.pdf
Foreign Languages,.pdf,marker (text PDFs) / ocrmypdf then marker (scans),"./Foreign Languages/Japanese/02.Audio Courses, Textbooks/Berlitz Japanese Course/Berlitz Basic Japanese Workbook.pdf"
Foreign Languages,.pdf,marker (text PDFs) / ocrmypdf then marker (scans),"./Foreign Languages/Japanese/02.Audio Courses, Textbooks/Berlitz Japanese Course/Language 30 - Japanese.pdf"
Foreign Languages,.pdf,marker (text PDFs) / ocrmypdf then marker (scans),"./Foreign Languages/Japanese/02.Audio Courses, Textbooks/Bunka Nihongo Chuukyuu/Bunka Nihongo Chuukyuu 1 Intermediate Japanese Course/Bunka Nihongo Chuukyuu 1.pdf"
Foreign Languages,.pdf,marker (text PDFs) / ocrmypdf then marker (scans),"./Foreign Languages/Japanese/02.Audio Courses, Textbooks/Bunka Nihongo Chuukyuu/Bunka Nihongo Chuukyuu 2/Bunka Chuukyuu Nihongo II Kakukasakuin.pdf"
Foreign Languages,.pdf,marker (text PDFs) / ocrmypdf then marker (scans),"./Foreign Languages/Japanese/02.Audio Courses, Textbooks/Bunka Nihongo Chuukyuu/Bunka Nihongo Chuukyuu 2/Bunka Chuukyuu Nihongo II Kyoukashoyouteepu Genkoutsuki.pdf"
Foreign Languages,.pdf,marker (text PDFs) / ocrmypdf then marker (scans),"./Foreign Languages/Japanese/02.Audio Courses, Textbooks/Bunka Nihongo Chuukyuu/Bunka Nihongo Chuukyuu 2/Bunka Chuukyuu Nihongo II Textbook.pdf"
Foreign Languages,.pdf,marker (text PDFs) / ocrmypdf then marker (scans),"./Foreign Languages/Japanese/02.Audio Courses, Textbooks/Bunka Nihongo Chuukyuu/Bunka Nihongo Chuukyuu 2/Shin Bunka Shoukyuu Nihongo II Kyoushiyou.pdf"
Foreign Languages,.pdf,marker (text PDFs) / ocrmypdf then marker (scans),"./Foreign Languages/Japanese/02.Audio Courses, Textbooks/Chuukyuu kara manabu JP/chuukyuu kara manabu workbook.pdf"
Foreign Languages,.pdf,marker (text PDFs) / ocrmypdf then marker (scans),"./Foreign Languages/Japanese/02.Audio Courses, Textbooks/Chuukyuu kara manabu JP/chuukyuu kara manabu.pdf"
Foreign Languages,.pdf,marker (text PDFs) / ocrmypdf then marker (scans),"./Foreign Languages/Japanese/02.Audio Courses, Textbooks/Chuukyuu kara manabu nihongo/Chuukyuu kara manabu nihongo.pdf"
Foreign Languages,.pdf,marker (text PDFs) / ocrmypdf then marker (scans),"./Foreign Languages/Japanese/02.Audio Courses, Textbooks/Communicating with Japanese by the Total Method/Communicating with Japanese by the Total Method Basic Part 1.pdf"
Foreign Languages,.pdf,marker (text PDFs) / ocrmypdf then marker (scans),"./Foreign Languages/Japanese/02.Audio Courses, Textbooks/Communicating with Japanese by the Total Method/Communicating with Japanese by the Total Method Basic Part 2.pdf"
Foreign Languages,.pdf,marker (text PDFs) / ocrmypdf then marker (scans),"./Foreign Languages/Japanese/02.Audio Courses, Textbooks/Genki/Genki Answer Key I and II.pdf"
Foreign Languages,.pdf,marker (text PDFs) / ocrmypdf then marker (scans),"./Foreign Languages/Japanese/02.Audio Courses, Textbooks/Genki/Genki II/Genki II Workbook.pdf"
Foreign Languages,.pdf,marker (text PDFs) / ocrmypdf then marker (scans),"./Foreign Languages/Japanese/02.Audio Courses, Textbooks/Intermediate Japanese An Integrated Course/Intermediate Japanese An Integrated Course First Semester.pdf"
Foreign Languages,.pdf,marker (text PDFs) / ocrmypdf then marker (scans),"./Foreign Languages/Japanese/02.Audio Courses, Textbooks/Introduction To Intermediate Japanese/Introduction to Intermediate Japanese.pdf"
Foreign Languages,.pdf,marker (text PDFs) / ocrmypdf then marker (scans),"./Foreign Languages/Japanese/02.Audio Courses, Textbooks/JBridge/JBridge for Beginners/Book.pdf"
Foreign Languages,.pdf,marker (text PDFs) / ocrmypdf then marker (scans),"./Foreign Languages/Japanese/02.Audio Courses, Textbooks/Japanese for Busy People/Japanese for Busy People I/Japanese for Busy People I (Revised 3rd Edition) Kana Textbook.pdf"
Foreign Languages,.pdf,marker (text PDFs) / ocrmypdf then marker (scans),"./Foreign Languages/Japanese/02.Audio Courses, Textbooks/Japanese for Busy People/Japanese for Busy People I/Japanese for Busy People I (Revised 3rd Edition) Kana Workbook.pdf"
Foreign Languages,.pdf,marker (text PDFs) / ocrmypdf then marker (scans),"./Foreign Languages/Japanese/02.Audio Courses, Textbooks/Japanese for Busy People/Japanese for Busy People I/Japanese for Busy People I (Revised 3rd Edition) Romanized Textbook.pdf"
Foreign Languages,.pdf,marker (text PDFs) / ocrmypdf then marker (scans),"./Foreign Languages/Japanese/02.Audio Courses, Textbooks/Japanese for Busy People/Japanese for Busy People I/Japanese for busy people Kana Workbook.pdf"
Foreign Languages,.pdf,marker (text PDFs) / ocrmypdf then marker (scans),"./Foreign Languages/Japanese/02.Audio Courses, Textbooks/Japanese for Today/Japanese for Today.pdf"
Foreign Languages,.pdf,marker (text PDFs) / ocrmypdf then marker (scans),"./Foreign Languages/Japanese/02.Audio Courses, Textbooks/Japanese for You The Art of Communication/Japanese for you.pdf"
Foreign Languages,.pdf,marker (text PDFs) / ocrmypdf then marker (scans),"./Foreign Languages/Japanese/02.Audio Courses, Textbooks/Japanese in Mangaland/Japanese in Mangaland Workbook 1.pdf"
Foreign Languages,.pdf,marker (text PDFs) / ocrmypdf then marker (scans),"./Foreign Languages/Japanese/02.Audio Courses, Textbooks/Japanese in Mangaland/Japanese in Mangaland vol 2.pdf"
Foreign Languages,.pdf,marker (text PDFs) / ocrmypdf then marker (scans),"./Foreign Languages/Japanese/02.Audio Courses, Textbooks/Japanese in Mangaland/Japanese in Mangaland vol 3.pdf"
Foreign Languages,.pdf,marker (text PDFs) / ocrmypdf then marker (scans),"./Foreign Languages/Japanese/02.Audio Courses, Textbooks/Japanese the manga way/Japanese the manga way.pdf"
Foreign Languages,.pdf,marker (text PDFs) / ocrmypdf then marker (scans),"./Foreign Languages/Japanese/02.Audio Courses, Textbooks/Japonés en viñetas Curso básico de japonés a través del manga/Japonés en viñetas Curso básico de japonés a través del manga.pdf"
Foreign Languages,.pdf,marker (text PDFs) / ocrmypdf then marker (scans),"./Foreign Languages/Japanese/02.Audio Courses, Textbooks/Kiite Oboeru Hanashikata Nihongo Nama Chuukei Speaking Skills Learned through Listening Japanese Live/Nihongo Nama Chuukei.pdf"
Foreign Languages,.pdf,marker (text PDFs) / ocrmypdf then marker (scans),"./Foreign Languages/Japanese/02.Audio Courses, Textbooks/Let's Learn Japanese Basic/Let's Learn Japanese Basic I/Lets Learn Japanese Basic 1 - Volume 1.pdf"
Foreign Languages,.pdf,marker (text PDFs) / ocrmypdf then marker (scans),"./Foreign Languages/Japanese/02.Audio Courses, Textbooks/Let's Learn Japanese Basic/Let's Learn Japanese Basic I/Lets Learn Japanese Basic 1 - Volume 2.pdf"
Foreign Languages,.pdf,marker (text PDFs) / ocrmypdf then marker (scans),"./Foreign Languages/Japanese/02.Audio Courses, Textbooks/Let's Learn Japanese Basic/Let's Learn Japanese Basic I/Lets Learn Japanese Basic 1 - Volume 3.pdf"
Foreign Languages,.pdf,marker (text PDFs) / ocrmypdf then marker (scans),"./Foreign Languages/Japanese/02.Audio Courses, Textbooks/Linguaphone Japanese Course/linguaphone Japanese coursebook.pdf"
Foreign Languages,.pdf,marker (text PDFs) / ocrmypdf then marker (scans),"./Foreign Languages/Japanese/02.Audio Courses, Textbooks/Linguaphone Japanese Course/linguaphone Japanese handbook.pdf"
Foreign Languages,.pdf,marker (text PDFs) / ocrmypdf then marker (scans),"./Foreign Languages/Japanese/02.Audio Courses, Textbooks/Mangajin's Basic Japanese through Comics/Mangajin's Basic Japanese through Comics.pdf"
Foreign Languages,.pdf,marker (text PDFs) / ocrmypdf then marker (scans),"./Foreign Languages/Japanese/02.Audio Courses, Textbooks/Mastering Japanese by Ear Audio/Mastering Japanese by Ear Audio Cover.pdf"
Foreign Languages,.pdf,marker (text PDFs) / ocrmypdf then marker (scans),"./Foreign Languages/Japanese/02.Audio Courses, Textbooks/Mastering Japanese by Ear Audio/Mastering Japanese by Ear Teacher's Book.pdf"
Foreign Languages,.pdf,marker (text PDFs) / ocrmypdf then marker (scans),"./Foreign Languages/Japanese/02.Audio Courses, Textbooks/Mastering Japanese by Ear Audio/Mastering Japanese by Ear.pdf"
Foreign Languages,.pdf,marker (text PDFs) / ocrmypdf then marker (scans),"./Foreign Languages/Japanese/02.Audio Courses, Textbooks/Mimi Kara Oboeru N3/Mimi Kara Oboeru N3 Vocabulary  Index + Answers.pdf"
Foreign Languages,.pdf,marker (text PDFs) / ocrmypdf then marker (scans),"./Foreign Languages/Japanese/02.Audio Courses, Textbooks/Mimi Kara Oboeru N3/Mimi Kara Oboeru N3 Vocabulary.pdf"
Foreign Languages,.pdf,marker (text PDFs) / ocrmypdf then marker (scans),"./Foreign Languages/Japanese/02.Audio Courses, Textbooks/Mirai Stage 1 Coursebook/Book.pdf"
Foreign Languages,.pdf,marker (text PDFs) / ocrmypdf then marker (scans),"./Foreign Languages/Japanese/02.Audio Courses, Textbooks/Nakama Communication, Culture, Contex/Nakama 1-2 Communication, Culture, Contex (old version)/Nakama 1/Nakama 1 Textbook Japanese.pdf"
Foreign Languages,.pdf,marker (text PDFs) / ocrmypdf then marker (scans),"./Foreign Languages/Japanese/02.Audio Courses, Textbooks/Nakama Communication, Culture, Contex/Nakama 1-2 Communication, Culture, Contex (old version)/Nakama 2/Nakama 2 Textbook Japanese.pdf"
Foreign Languages,.pdf,marker (text PDFs) / ocrmypdf then marker (scans),"./Foreign Languages/Japanese/02.Audio Courses, Textbooks/Nakama Communication, Culture, Contex/Nakama 1-2 Communication, Culture, Contex (old version)/Nakama 2/Nakama 2 Workbook Laboratory Manual Japanese Textbook.pdf"
Foreign Languages,.pdf,marker (text PDFs) / ocrmypdf then marker (scans),"./Foreign Languages/Japanese/02.Audio Courses, Textbooks/New JLPT N3 Taisaku-mondai & Yoten-seiri for Reading comprehension, Grammar & Vocabulary/JLPT Dokkai N3 (Answer Key).pdf"
Foreign Languages,.pdf,marker (text PDFs) / ocrmypdf then marker (scans),"./Foreign Languages/Japanese/02.Audio Courses, Textbooks/Nihongo Chuukyuu J301/Book.pdf"
Foreign Languages,.pdf,marker (text PDFs) / ocrmypdf then marker (scans),"./Foreign Languages/Japanese/02.Audio Courses, Textbooks/Nihongo Nouryoku Shiken 1kyuu-2 kyuu Shiken ni Deru Dokkai Grammar and Exercises/Nihongo Nouryoku Shiken Mondaishuu 2 kyuu An exercise book.pdf"
Foreign Languages,.pdf,marker (text PDFs) / ocrmypdf then marker (scans),"./Foreign Languages/Japanese/02.Audio Courses, Textbooks/Nihongo Nouryoku Shiken 1kyuu-2 kyuu Shiken ni Deru Dokkai Grammar and Exercises/shiken ni deru dokkai 1,2 kyuu (Answer Key).pdf"
Foreign Languages,.pdf,marker (text PDFs) / ocrmypdf then marker (scans),"./Foreign Languages/Japanese/02.Audio Courses, Textbooks/Nihongo Nouryoku Shiken 1kyuu-2 kyuu Shiken ni Deru Dokkai Grammar and Exercises/shiken ni deru dokkai 1,2 kyuu.pdf"
Foreign Languages,.pdf,marker (text PDFs) / ocrmypdf then marker (scans),"./Foreign Languages/Japanese/02.Audio Courses, Textbooks/Shin Bunka Shoukyuu Nihongo/I/Shin Bunka Shoukyuu Nihongo I Renshuu Mondaishuu.pdf"
Foreign Languages,.pdf,marker (text PDFs) / ocrmypdf then marker (scans),"./Foreign Languages/Japanese/02.Audio Courses, Textbooks/Shin Bunka Shoukyuu Nihongo/II/Shin Bunka Shoukyuu Nihongo II Kyoushiyou.pdf"
Foreign Languages,.pdf,marker (text PDFs) / ocrmypdf then marker (scans),"./Foreign Languages/Japanese/02.Audio Courses, Textbooks/Shin Bunka Shoukyuu Nihongo/II/Shin Bunka Shoukyuu Nihongo II Renshuu Mondaishuu.pdf"
Foreign Languages,.pdf,marker (text PDFs) / ocrmypdf then marker (scans),"./Foreign Languages/Japanese/02.Audio Courses, Textbooks/Shin Bunka Shoukyuu Nihongo/II/Shin Bunka Shoukyuu Nihongo II.pdf"
Foreign Languages,.pdf,marker (text PDFs) / ocrmypdf then marker (scans),"./Foreign Languages/Japanese/02.Audio Courses, Textbooks/Shin Nihongo no Kiso/Shin Nihongo no Kiso II/English Explanations.pdf"
Foreign Languages,.pdf,marker (text PDFs) / ocrmypdf then marker (scans),"./Foreign Languages/Japanese/02.Audio Courses, Textbooks/Shin Nihongo no Kiso/Shin Nihongo no Kiso II/Kanji workbook.pdf"
Foreign Languages,.pdf,marker (text PDFs) / ocrmypdf then marker (scans),"./Foreign Languages/Japanese/02.Audio Courses, Textbooks/Tanoshiku Yomou Read Japanese/Tanoshiku Yomou I/Tanoshiku Yomou I - Kaitou.pdf"
Foreign Languages,.pdf,marker (text PDFs) / ocrmypdf then marker (scans),"./Foreign Languages/Japanese/02.Audio Courses, Textbooks/Tanoshiku Yomou Read Japanese/Tanoshiku Yomou I/Tanoshiku Yomou I.pdf"
Foreign Languages,.pdf,marker (text PDFs) / ocrmypdf then marker (scans),"./Foreign Languages/Japanese/02.Audio Courses, Textbooks/Tanoshiku Yomou Read Japanese/Tanoshiku Yomou II/Tanoshiku Yomou II - Kaitou.pdf"
Foreign Languages,.pdf,marker (text PDFs) / ocrmypdf then marker (scans),"./Foreign Languages/Japanese/02.Audio Courses, Textbooks/Tanoshiku Yomou Read Japanese/Tanoshiku Yomou II/Tanoshiku Yomou II.pdf"
Foreign Languages,.pdf,marker (text PDFs) / ocrmypdf then marker (scans),"./Foreign Languages/Japanese/02.Audio Courses, Textbooks/Teach Yourself Japanese Complete Course/Book.pdf"
Foreign Languages,.pdf,marker (text PDFs) / ocrmypdf then marker (scans),"./Foreign Languages/Japanese/02.Audio Courses, Textbooks/Ultimate Japanese Advanced/Book.pdf"
Foreign Languages,.pdf,marker (text PDFs) / ocrmypdf then marker (scans),"./Foreign Languages/Japanese/03.Grammar, Workbooks, Usage/13 Secrets for Speaking Fluent Japanese.pdf"
Foreign Languages,.pdf,marker (text PDFs) / ocrmypdf then marker (scans),"./Foreign Languages/Japanese/03.Grammar, Workbooks, Usage/Essential Japanese Expressions/200 Essential Japanese Expressions A Guide To Correct Usage Of Key Sentence Patterns.pdf"
Foreign Languages,.pdf,marker (text PDFs) / ocrmypdf then marker (scans),"./Foreign Languages/Japanese/03.Grammar, Workbooks, Usage/Grammar Dictionary/A Dictionary/A Dictionary of Advanced Japanese Grammar.pdf"
Foreign Languages,.pdf,marker (text PDFs) / ocrmypdf then marker (scans),"./Foreign Languages/Japanese/03.Grammar, Workbooks, Usage/Grammar Dictionary/A Dictionary/A Dictionary of Basic Japanese Grammar.pdf"
Foreign Languages,.pdf,marker (text PDFs) / ocrmypdf then marker (scans),"./Foreign Languages/Japanese/03.Grammar, Workbooks, Usage/Grammar Dictionary/A Dictionary/A Dictionary of Intermediate Japanese Grammar.pdf"
Foreign Languages,.pdf,marker (text PDFs) / ocrmypdf then marker (scans),"./Foreign Languages/Japanese/03.Grammar, Workbooks, Usage/Grammar Dictionary/Nihongo bunkei ziten A Dictionary of Japanese Grammar with Sentence Patterns.pdf"
Foreign Languages,.pdf,marker (text PDFs) / ocrmypdf then marker (scans),"./Foreign Languages/Japanese/03.Grammar, Workbooks, Usage/Grammar/A Handbook of Japanese Grammar.pdf"
Foreign Languages,.pdf,marker (text PDFs) / ocrmypdf then marker (scans),"./Foreign Languages/Japanese/03.Grammar, Workbooks, Usage/Grammar/Barron's Japanese Grammar.pdf"
Foreign Languages,.pdf,marker (text PDFs) / ocrmypdf then marker (scans),"./Foreign Languages/Japanese/03.Grammar, Workbooks, Usage/Japanese Respect Language When, Why, and How to use it Successfully.pdf"
Foreign Languages,.pdf,marker (text PDFs) / ocrmypdf then marker (scans),"./Foreign Languages/Japanese/03.Grammar, Workbooks, Usage/Japanese Verbs and Essentials of Grammar (2nd Ed).pdf"
Foreign Languages,.pdf,marker (text PDFs) / ocrmypdf then marker (scans),"./Foreign Languages/Japanese/03.Grammar, Workbooks, Usage/Japanese language insights.pdf"
Foreign Languages,.pdf,marker (text PDFs) / ocrmypdf then marker (scans),"./Foreign Languages/Japanese/03.Grammar, Workbooks, Usage/Kanzen Master Japanese Grammar Bunpou 1, 2, 3/Kanzen Master Bunpou 1kyuu.pdf"
Foreign Languages,.pdf,marker (text PDFs) / ocrmypdf then marker (scans),"./Foreign Languages/Japanese/03.Grammar, Workbooks, Usage/Kanzen Master Japanese Grammar Bunpou 1, 2, 3/Kanzen Master Bunpou 3kyuu seikai.pdf"
Foreign Languages,.pdf,marker (text PDFs) / ocrmypdf then marker (scans),"./Foreign Languages/Japanese/03.Grammar, Workbooks, Usage/Kanzen Master Japanese Grammar Bunpou 1, 2, 3/Kanzen Master Bunpou 3kyuu.pdf"
Foreign Languages,.pdf,marker (text PDFs) / ocrmypdf then marker (scans),"./Foreign Languages/Japanese/03.Grammar, Workbooks, Usage/Making Sense of Japanese What the Textbooks Don't Tell You.pdf"
Foreign Languages,.pdf,marker (text PDFs) / ocrmypdf then marker (scans),"./Foreign Languages/Japanese/03.Grammar, Workbooks, Usage/Nihongo Notes Vol 01-10/Nihongo Notes 01 - Speaking and Living in Japan_4789000680.pdf"
Foreign Languages,.pdf,marker (text PDFs) / ocrmypdf then marker (scans),"./Foreign Languages/Japanese/03.Grammar, Workbooks, Usage/Nihongo Notes Vol 01-10/Nihongo Notes 02 - Expressing Oneself in Japanese_4789000982.pdf"
Foreign Languages,.pdf,marker (text PDFs) / ocrmypdf then marker (scans),"./Foreign Languages/Japanese/03.Grammar, Workbooks, Usage/Nihongo Notes Vol 01-10/Nihongo Notes 03 - Understanding Japanese Usage_478900127X.pdf"
Foreign Languages,.pdf,marker (text PDFs) / ocrmypdf then marker (scans),"./Foreign Languages/Japanese/03.Grammar, Workbooks, Usage/Nihongo Notes Vol 01-10/Nihongo Notes 04 - Understanding Communication in Japanese_4789001601.pdf"
Foreign Languages,.pdf,marker (text PDFs) / ocrmypdf then marker (scans),"./Foreign Languages/Japanese/03.Grammar, Workbooks, Usage/Nihongo Notes Vol 01-10/Nihongo Notes 05 - Studying Japanese in Context_4789002101.pdf"
Foreign Languages,.pdf,marker (text PDFs) / ocrmypdf then marker (scans),"./Foreign Languages/Japanese/03.Grammar, Workbooks, Usage/Nihongo Notes Vol 01-10/Nihongo Notes 06 - Situational Japanese 1_4789002535.pdf"
Foreign Languages,.pdf,marker (text PDFs) / ocrmypdf then marker (scans),"./Foreign Languages/Japanese/03.Grammar, Workbooks, Usage/Nihongo Notes Vol 01-10/Nihongo Notes 07 - Situational Japanese 2_478900306X.pdf"
Foreign Languages,.pdf,marker (text PDFs) / ocrmypdf then marker (scans),"./Foreign Languages/Japanese/03.Grammar, Workbooks, Usage/Nihongo Notes Vol 01-10/Nihongo Notes 08 - Situational Japanese 3_4789003701.pdf"
Foreign Languages,.pdf,marker (text PDFs) / ocrmypdf then marker (scans),"./Foreign Languages/Japanese/03.Grammar, Workbooks, Usage/Nihongo Notes Vol 01-10/Nihongo Notes 09 - Situational Japanese 4_4789004481.pdf"
Foreign Languages,.pdf,marker (text PDFs) / ocrmypdf then marker (scans),"./Foreign Languages/Japanese/03.Grammar, Workbooks, Usage/Nihongo Notes Vol 01-10/Nihongo Notes 10 - Situational Japanese 5_4789005232.pdf"
Foreign Languages,.pdf,marker (text PDFs) / ocrmypdf then marker (scans),"./Foreign Languages/Japanese/03.Grammar, Workbooks, Usage/Oxford Japanese Grammar & Verbs.pdf"
Foreign Languages,.pdf,marker (text PDFs) / ocrmypdf then marker (scans),"./Foreign Languages/Japanese/03.Grammar, Workbooks, Usage/Particles/How to Tell the Difference between Japanese Particles.pdf"
Foreign Languages,.pdf,marker (text PDFs) / ocrmypdf then marker (scans),"./Foreign Languages/Japanese/03.Grammar, Workbooks, Usage/Particles/Japanese Particle Workbook.pdf"
Foreign Languages,.pdf,marker (text PDFs) / ocrmypdf then marker (scans),"./Foreign Languages/Japanese/03.Grammar, Workbooks, Usage/Preparing for the Japanese Language Proficiency Tests/1kyuu gokaku dekiru Level 1/1kyuu gokaku dekiru.pdf"
Foreign Languages,.pdf,marker (text PDFs) / ocrmypdf then marker (scans),"./Foreign Languages/Japanese/03.Grammar, Workbooks, Usage/Preparing for the Japanese Language Proficiency Tests/2 kyuu gokaku dekiru Level 2/2kyuu gokaku dekiru.pdf"
Foreign Languages,.pdf,marker (text PDFs) / ocrmypdf then marker (scans),"./Foreign Languages/Japanese/03.Grammar, Workbooks, Usage/Preparing for the Japanese Language Proficiency Tests/2kyuu mondai shuu.pdf"
Foreign Languages,.pdf,marker (text PDFs) / ocrmypdf then marker (scans),"./Foreign Languages/Japanese/03.Grammar, Workbooks, Usage/Preparing for the Japanese Language Proficiency Tests/3 kyuu Korede Daijoubu Level 3/Book.pdf"
Foreign Languages,.pdf,marker (text PDFs) / ocrmypdf then marker (scans),"./Foreign Languages/Japanese/03.Grammar, Workbooks, Usage/Shiken ni deru 1-2kyuu bunpou, 40 days kanzen.pdf"
Foreign Languages,.pdf,marker (text PDFs) / ocrmypdf then marker (scans),"./Foreign Languages/Japanese/03.Grammar, Workbooks, Usage/Verbs/Japanese Verbs at a Glance.pdf"
Foreign Languages,.pdf,marker (text PDFs) / ocrmypdf then marker (scans),"./Foreign Languages/Japanese/04.Vocabulary, Expressions, Idioms/101 Japanese Idioms/101 Japanese Idioms.pdf"
Foreign Languages,.pdf,marker (text PDFs) / ocrmypdf then marker (scans),"./Foreign Languages/Japanese/04.Vocabulary, Expressions, Idioms/A Handbook of Common Japanese Phrases.pdf"
Foreign Languages,.pdf,marker (text PDFs) / ocrmypdf then marker (scans),"./Foreign Languages/Japanese/04.Vocabulary, Expressions, Idioms/A Practical Guide to Mimetic Expressions through Pictures.pdf"
Foreign Languages,.pdf,marker (text PDFs) / ocrmypdf then marker (scans),"./Foreign Languages/Japanese/04.Vocabulary, Expressions, Idioms/How to Sound Intelligent in Japanese A Vocabulary Builder.pdf"
Foreign Languages,.pdf,marker (text PDFs) / ocrmypdf then marker (scans),"./Foreign Languages/Japanese/04.Vocabulary, Expressions, Idioms/Japanese core words and phrases Things you can't find in a dictionary.pdf"
Foreign Languages,.pdf,marker (text PDFs) / ocrmypdf then marker (scans),"./Foreign Languages/Japanese/04.Vocabulary, Expressions, Idioms/Remember everyday life japanese words Pea de oberu iroirona kotoba.pdf"
Foreign Languages,.pdf,marker (text PDFs) / ocrmypdf then marker (scans),"./Foreign Languages/Japanese/04.Vocabulary, Expressions, Idioms/Ryuugakusei no tameno Bunyabetsu Goi Reibunshuu Vocabulary Building.pdf"
Foreign Languages,.pdf,marker (text PDFs) / ocrmypdf then marker (scans),"./Foreign Languages/Japanese/05.Children's Books, Readers/Japanese Children's Favorite Stories/01.Issunboushi.pdf"
Foreign Languages,.pdf,marker (text PDFs) / ocrmypdf then marker (scans),"./Foreign Languages/Japanese/05.Children's Books, Readers/Japanese Children's Favorite Stories/02.Urashimatarou.pdf"
Foreign Languages,.pdf,marker (text PDFs) / ocrmypdf then marker (scans),"./Foreign Languages/Japanese/05.Children's Books, Readers/Japanese Children's Favorite Stories/03.OmusubiKororin.pdf"
Foreign Languages,.pdf,marker (text PDFs) / ocrmypdf then marker (scans),"./Foreign Languages/Japanese/05.Children's Books, Readers/Japanese Children's Favorite Stories/04.Kaguyahime.pdf"
Foreign Languages,.pdf,marker (text PDFs) / ocrmypdf then marker (scans),"./Foreign Languages/Japanese/05.Children's Books, Readers/Japanese Children's Favorite Stories/05.Kasazizou.pdf"
Foreign Languages,.pdf,marker (text PDFs) / ocrmypdf then marker (scans),"./Foreign Languages/Japanese/05.Children's Books, Readers/Japanese Children's Favorite Stories/06.SarukaniGassen.pdf"
Foreign Languages,.pdf,marker (text PDFs) / ocrmypdf then marker (scans),"./Foreign Languages/Japanese/05.Children's Books, Readers/Japanese Children's Favorite Stories/07.ShitarakiriSuzume.pdf"
Foreign Languages,.pdf,marker (text PDFs) / ocrmypdf then marker (scans),"./Foreign Languages/Japanese/05.Children's Books, Readers/Japanese Children's Favorite Stories/08.TsurunoOngaeshi.pdf"
Foreign Languages,.pdf,marker (text PDFs) / ocrmypdf then marker (scans),"./Foreign Languages/Japanese/05.Children's Books, Readers/Japanese Children's Favorite Stories/09.NezuminoYomeiri.pdf"
Foreign Languages,.pdf,marker (text PDFs) / ocrmypdf then marker (scans),"./Foreign Languages/Japanese/05.Children's Books, Readers/Japanese Children's Favorite Stories/10.HansakaJiisan.pdf"
Foreign Languages,.pdf,marker (text PDFs) / ocrmypdf then marker (scans),"./Foreign Languages/Japanese/05.Children's Books, Readers/Japanese Children's Favorite Stories/11.Momotaro.pdf"
Foreign Languages,.pdf,marker (text PDFs) / ocrmypdf then marker (scans),"./Foreign Languages/Japanese/05.Children's Books, Readers/Japanese Readers/Read Real Japanese Fiction Short Stories by Contemporary Writers.pdf"
Foreign Languages,.pdf,marker (text PDFs) / ocrmypdf then marker (scans),"./Foreign Languages/Japanese/05.Children's Books, Readers/Japanese Readers/Reading Japanese with a Smile Nine Stories from a Japanese Weekly Magazine for Intermediate Learners.pdf"
Foreign Languages,.pdf,marker (text PDFs) / ocrmypdf then marker (scans),"./Foreign Languages/Japanese/06.Dictionaries, Phrasebooks/Elementary School Student's Kanji Dictionary.pdf"
Foreign Languages,.pdf,marker (text PDFs) / ocrmypdf then marker (scans),"./Foreign Languages/Japanese/06.Dictionaries, Phrasebooks/Let's Learn Japanese Picture Dictionary.pdf"
Foreign Languages,.pdf,marker (text PDFs) / ocrmypdf then marker (scans),"./Foreign Languages/Japanese/06.Dictionaries, Phrasebooks/Lonely Planet Japanese Phrasebook.pdf"
Foreign Languages,.pdf,marker (text PDFs) / ocrmypdf then marker (scans),"./Foreign Languages/Japanese/06.Dictionaries, Phrasebooks/Making Out In Japanese.pdf"
Foreign Languages,.pdf,marker (text PDFs) / ocrmypdf then marker (scans),"./Foreign Languages/Japanese/06.Dictionaries, Phrasebooks/More Making Out In Japanese.pdf"
Foreign Languages,.pdf,marker (text PDFs) / ocrmypdf then marker (scans),"./Foreign Languages/Japanese/06.Dictionaries, Phrasebooks/Zakennayo! The real Japanese you were never taught in school.pdf"
Foreign Languages,.pdf,marker (text PDFs) / ocrmypdf then marker (scans),"./Foreign Languages/Japanese/07.Society,Culture,History,Tourism/Culture/Culture Shock! Japan A Survival Guide to Customs and Etiquette.pdf"
Foreign Languages,.pdf,marker (text PDFs) / ocrmypdf then marker (scans),"./Foreign Languages/Japanese/07.Society,Culture,History,Tourism/Tourism/Insight Guides Japan.pdf"
Foreign Languages,.pdf,marker (text PDFs) / ocrmypdf then marker (scans),./Foreign Languages/Japanese/08.Miscellaneous/A History of Japanese Literature.pdf
Foreign Languages,.pdf,marker (text PDFs) / ocrmypdf then marker (scans),./Foreign Languages/Japanese/08.Miscellaneous/Cheatsheets/NihonShock's Ultimate Japanese Cheat Sheet/japanese-cheatsheet-hiragana-8511.pdf
Foreign Languages,.pdf,marker (text PDFs) / ocrmypdf then marker (scans),./Foreign Languages/Japanese/08.Miscellaneous/Cheatsheets/NihonShock's Ultimate Japanese Cheat Sheet/japanese-cheatsheet-hiragana-a4.pdf
Foreign Languages,.pdf,marker (text PDFs) / ocrmypdf then marker (scans),./Foreign Languages/Japanese/08.Miscellaneous/Cheatsheets/NihonShock's Ultimate Japanese Cheat Sheet/japanese-cheatsheet-romaji-8511.pdf
Foreign Languages,.pdf,marker (text PDFs) / ocrmypdf then marker (scans),./Foreign Languages/Japanese/08.Miscellaneous/Cheatsheets/NihonShock's Ultimate Japanese Cheat Sheet/japanese-cheatsheet-romaji-a4.pdf
Foreign Languages,.pdf,marker (text PDFs) / ocrmypdf then marker (scans),./Foreign Languages/Japanese/08.Miscellaneous/Introduction to Academic Presentations.pdf
Foreign Languages,.pdf,marker (text PDFs) / ocrmypdf then marker (scans),./Foreign Languages/Japanese/08.Miscellaneous/The Languages of Japan.pdf
Foreign Languages,.pdf,marker (text PDFs) / ocrmypdf then marker (scans),./Foreign Languages/Japanese/08.Miscellaneous/Womansword What Japanese Words Say about Women.pdf
Foreign Languages,.pdf,marker (text PDFs) / ocrmypdf then marker (scans),./Foreign Languages/Japanese/Genki II Textbook.pdf
Games,.pdf,marker (text PDFs) / ocrmypdf then marker (scans),"./Games/Chess/Aron Nimzowitsch, Lou Hays - My System. 21 century edition-Hays Publishing (1991).pdf"
Games,.pdf,marker (text PDFs) / ocrmypdf then marker (scans),"./Games/Chess/Bobby Fischer Teaches Chess by Bobby Fischer, Stuart Margulies, Don Mosenfelder (z-lib.org).pdf"
Games,.pdf,marker (text PDFs) / ocrmypdf then marker (scans),./Games/Chess/Grandmaster Preperation/Excelling at Positional Chess by Jacob Aagaard (z-lib.org).pdf
Games,.pdf,marker (text PDFs) / ocrmypdf then marker (scans),./Games/Chess/Grandmaster Preperation/Grandmaster Preparation Calculation by Jacob Aagaard (z-lib.org).pdf
Games,.pdf,marker (text PDFs) / ocrmypdf then marker (scans),./Games/Chess/Grandmaster Preperation/Grandmaster Preparation Positional Play by Jacob Aagaard (z-lib.org).pdf
Games,.pdf,marker (text PDFs) / ocrmypdf then marker (scans),./Games/Chess/Vladimir Vukovic - Art Of Attack In Chess-Everyman Chess (1999).pdf
Games,.pdf,marker (text PDFs) / ocrmypdf then marker (scans),"./Games/Chess/Winning Chess/Play Winning Chess An Introduction to the Moves, Strategies and Philosophy of Chess from the U.S.A.s 1-Ranked Chess Player by Yasser Seirawan, Jeremy Silman (z-lib.org).pdf"
Games,.pdf,marker (text PDFs) / ocrmypdf then marker (scans),./Games/Chess/Winning Chess/Winning Chess Brilliancies (cleaned-up) by Yasser Seirawan (z-lib.org).pdf
Games,.pdf,marker (text PDFs) / ocrmypdf then marker (scans),./Games/Chess/Winning Chess/Winning Chess Openings by Yasser Seirawan (z-lib.org).pdf
Games,.pdf,marker (text PDFs) / ocrmypdf then marker (scans),./Games/Chess/de_firmian_nick-modern_chess_openings.pdf
Games,.pdf,marker (text PDFs) / ocrmypdf then marker (scans),./Games/Chess/kupdf.net_attack-with-mikhail-tal.pdf
Games,.pdf,marker (text PDFs) / ocrmypdf then marker (scans),./Games/Chess/kupdf.net_the-amateur39s-mind-jeremy-silman.pdf
Games,.pdf,marker (text PDFs) / ocrmypdf then marker (scans),"./Games/Go/Elementary Go Series/Attack and Defense (Elementary Go Series Vol. 5) by Ishida Akira, James Davies (z-lib.org).pdf"
Games,.pdf,marker (text PDFs) / ocrmypdf then marker (scans),"./Games/Go/Elementary Go Series/Elementary Go Series - The Endgame Vol. 6 by Tomoko Ogawa, James Davies (z-lib.org).pdf"
Games,.pdf,marker (text PDFs) / ocrmypdf then marker (scans),"./Games/Go/Graded Go Problems for Beginners, 30 Kyu to 25 Kyu (Beginner Elementary Go Bks.) (Kano Yoshinori, Richard Bozulich) (z-lib.org).pdf"
Games,.pdf,marker (text PDFs) / ocrmypdf then marker (scans),"./Games/Go/Graded Go Problems for Beginners, Elementary Problems, 25-kyu to 20-kyu (Kano Yoshinori) (z-lib.org).pdf"
Games,.pdf,marker (text PDFs) / ocrmypdf then marker (scans),"./Games/Go/Learn To Play Go Series/Janice Kim, Jeong Soo-Hyun - The Way of the Moving Horse (Learn to Play Go, Volume II) (Learn to Play Go Series) (1995, Good Move Press) - libgen.li.pdf"
Games,.pdf,marker (text PDFs) / ocrmypdf then marker (scans),"./Games/Go/Learn To Play Go Series/Janice Kim, Jeong Soo-Hyun, a lee - Learn to Play Go_ A Master's Guide to the Ultimate Game, Vol. 1 (1997, Good Move Press) - libgen.li.pdf"
Games,.pdf,marker (text PDFs) / ocrmypdf then marker (scans),"./Games/Go/Learn To Play Go Series/Janice Kim, Jeong Soo-Lyn - The Dragon Style (Learn to Play Go, Volume III) (Learn to Play Go Series) (1996, Good Move Press) - libgen.li.pdf"
Games,.pdf,marker (text PDFs) / ocrmypdf then marker (scans),"./Games/Go/Richard Bozulich - The Second Book of Go (1998, Kiseido Publishing Co.) - libgen.li.pdf"
Games,.pdf,marker (text PDFs) / ocrmypdf then marker (scans),"./Games/Poker/The Mathematics of Poker by Bill Chen, Jerrod Ankenman (z-lib.org).pdf"
Games,.pdf,marker (text PDFs) / ocrmypdf then marker (scans),./Games/Shogi/Tony Hosking - The Art of Shogi - libgen.li.pdf
Law,.pdf,marker (text PDFs) / ocrmypdf then marker (scans),./Law/The Concept of Law by H.L.A. Hart (z-lib.org).pdf
Math _ Logic,.pdf,marker (text PDFs) / ocrmypdf then marker (scans),"./Math _ Logic/Applied Math/(Dover Books on Mathematics) Erwin Kreyszig, Mathematics - Differential Geometry-Dover Publications (1991).pdf"
Math _ Logic,.pdf,marker (text PDFs) / ocrmypdf then marker (scans),./Math _ Logic/Applied Math/(Oxford Applied Mathematics and Computing Science  1) R. A. Hill - A First Course in Coding Theory-Oxford University Press (1990).pdf
Math _ Logic,.pdf,marker (text PDFs) / ocrmypdf then marker (scans),./Math _ Logic/Applied Math/Calculus/Higher Level Calc/Differential Equations/Ordinary Differential Equations Dover Books.pdf
Math _ Logic,.pdf,marker (text PDFs) / ocrmypdf then marker (scans),"./Math _ Logic/Applied Math/Calculus/Higher Level Calc/Div, Grad, Curl And All That - An Informal Text on Vector Calculus 3rd ed - H. Schey (Norton, 1973) WW.pdf"
Math _ Logic,.pdf,marker (text PDFs) / ocrmypdf then marker (scans),"./Math _ Logic/Applied Math/Game Theory/Winning Ways for Your Mathematical Plays, Volume 4 by Elwyn R. Berlekamp, John H. Conway, Richard K. Guy (z-lib.org).pdf"
Math _ Logic,.pdf,marker (text PDFs) / ocrmypdf then marker (scans),./Math _ Logic/Applied Math/J. J. Stoker - Differential Geometry (Wiley Classics Library)-Wiley-Interscience (1989).pdf
Math _ Logic,.pdf,marker (text PDFs) / ocrmypdf then marker (scans),./Math _ Logic/Applied Math/Linear Algebra/- Visual Complex Analysis Tristan Needham-OUP (1997).pdf
Math _ Logic,.pdf,marker (text PDFs) / ocrmypdf then marker (scans),./Math _ Logic/Applied Math/Linear Algebra/Sheldon Axler - Linear Algebra Done Right Solutions Manual (1997).pdf
Math _ Logic,.pdf,marker (text PDFs) / ocrmypdf then marker (scans),"./Math _ Logic/Applied Math/Numerical Methods/Richard L. Burden, J. Douglas Faires, Annette M. Burden - Numerical Analysis-Cengage learning (2016).pdf"
Math _ Logic,.pdf,marker (text PDFs) / ocrmypdf then marker (scans),./Math _ Logic/FRACTI~1.PDF
Math _ Logic,.pdf,marker (text PDFs) / ocrmypdf then marker (scans),"./Math _ Logic/Mathematics Its Content, Methods and Meaning by A. D. Aleksandrov, A. N. Kolmogorov, M. A. Lavrent’ev (z-lib.org).pdf"
Math _ Logic,.pdf,marker (text PDFs) / ocrmypdf then marker (scans),./Math _ Logic/Probability and Statistics/David Patrick and Naoki Sato - Intermediate Counting and Probability (Solution Manual)-The Art of Problem Solving (2012).pdf
Math _ Logic,.pdf,marker (text PDFs) / ocrmypdf then marker (scans),./Math _ Logic/Problem Books/Hungarian problem book I Based on the Eotvos competitions 1894-1905 by E. Rapaport (z-lib.org).pdf
Math _ Logic,.pdf,marker (text PDFs) / ocrmypdf then marker (scans),./Math _ Logic/Problem Books/Hungarian problem book II Based on the Eotvos competitions 1906-1928 by E Rappaport (z-lib.org).pdf
Math _ Logic,.pdf,marker (text PDFs) / ocrmypdf then marker (scans),"./Math _ Logic/Problem Books/The Stanford Mathematics Problem Book With Hints and Solutions by George Polya, Jeremy Kilpatrick (z-lib.org).pdf"
Math _ Logic,.pdf,marker (text PDFs) / ocrmypdf then marker (scans),./Math _ Logic/Theoretical Math/Abstract Alg/Abstract algebra - Dummit and Foote.pdf
Math _ Logic,.pdf,marker (text PDFs) / ocrmypdf then marker (scans),./Math _ Logic/Theoretical Math/Logic and Analysis/Leary C.C. - A friendly introduction to mathematical logic-PH (1999).pdf
Math _ Logic,.pdf,marker (text PDFs) / ocrmypdf then marker (scans),./Math _ Logic/Theoretical Math/Logic and Analysis/Mathematical Analysis A Straightforward Approach by Ken Binmore (z-lib.org).pdf
Math _ Logic,.pdf,marker (text PDFs) / ocrmypdf then marker (scans),./Math _ Logic/Theoretical Math/Logic and Analysis/N. L. Carothers - Real analysis-Cambridge University Press (2000).pdf
Math _ Logic,.pdf,marker (text PDFs) / ocrmypdf then marker (scans),./Math _ Logic/Theoretical Math/Logic and Analysis/principles_of_mathematical_analysis_walter_rudin.pdf
Math _ Logic,.pdf,marker (text PDFs) / ocrmypdf then marker (scans),./Math _ Logic/Theoretical Math/Problem Solving/Problem Solving Through Problems (Problem Books in Mathematics) by Loren C. Larson (z-lib.org).pdf
Math _ Logic,.pdf,marker (text PDFs) / ocrmypdf then marker (scans),"./Math _ Logic/[Wiley Series in Telecommunications and Signal Processing] Thomas M. Cover, Joy A. Thomas - Elements of Information Theory (2006, Wiley-Interscience) - libgen.li.pdf"
Music,.pdf,marker (text PDFs) / ocrmypdf then marker (scans),"./Music/Contemporary/1001 Albums You Must Hear Before You Die -- general editor, Robert Dimery; preface by Michael Lydon -- Large Print Edition edition, February 7, 2006 -- 9780375434631 -- 2b7a0045d85b9be13f929d7f39f62868 -- Anna’s Archive.pdf"
Music,.pdf,marker (text PDFs) / ocrmypdf then marker (scans),"./Music/Ear Traning & Sight Singing/[Diction for Singers 1 - Diction for Singers 1] Diction for Singers_ A Concise Reference for English, Italian, Latin, German, French and Spanish ...{Joan Wall}(2012, Caldwell Publishing Co.){112506066} libgen.li.pdf"
Music,.pdf,marker (text PDFs) / ocrmypdf then marker (scans),./Music/Guitar/(Guitar Method) William Leavitt - Berklee Basic Guitar - Phase 1_ Guitar Technique (Guitar Method)-Berklee Press Publications (1986).pdf
Music,.pdf,marker (text PDFs) / ocrmypdf then marker (scans),./Music/Harmony/Schachter_Aldwell-Harmony_Voice_Leading.pdf
Music,.pdf,marker (text PDFs) / ocrmypdf then marker (scans),./Music/Harmony/Vincent Persichetti - Twentieth-Century Harmony_ Creative Aspects and Practice-W. W. Norton _ Company (1961).pdf
Music,.pdf,marker (text PDFs) / ocrmypdf then marker (scans),./Music/Harmony/Walter Piston Mark Devoto Arthur Jannery - Harmony_ Fifth Edition (1987).pdf
Music,.pdf,marker (text PDFs) / ocrmypdf then marker (scans),"./Music/History/J. Peter Burkholder y Claude V. Palisca (eds.) - Norton Anthology of Western Music. Vol. 2_ Classic to Romantic (7th Ed.) 2 (2014, Norton) - libgen.li.pdf"
Music,.pdf,marker (text PDFs) / ocrmypdf then marker (scans),"./Music/History/J. Peter Burkholder, Donald Jay Grout, Claude V. Palisca - A History of Western Music (2014, W. W. Norton & Co) - libgen.li.pdf"
Music,.pdf,marker (text PDFs) / ocrmypdf then marker (scans),./Music/Jazz/Mark Levine - The jazz theory book-Sher Music (1995).pdf
Music,.pdf,marker (text PDFs) / ocrmypdf then marker (scans),"./Music/Piano/Piano Adventures_ Level 2a -- Faber Randall, Faber Nancy_ -- Faber Piano Adventures, 2a -- The FJH Music Company -- 28e2439441d9a680aa85f35be4db7cce -- Anna’s Archive.pdf"
Music,.pdf,marker (text PDFs) / ocrmypdf then marker (scans),"./Music/Piano/Piano Adventures_ Level 4 -- Faber Randall, Faber Nancy_ -- Piano Adventures, 4 -- The FJH Music Company -- dba1b7eb7afbff1a9b62ebe49899810e -- Anna’s Archive-1.pdf"
Music,.pdf,marker (text PDFs) / ocrmypdf then marker (scans),./Music/Piano/Piano Exam Books/Piano Exam Pieces ABRSM Grade 8 Selected from the 2025 & -- ABRSM -- b108ccf08cc386aa4195451050ac254a -- Anna’s Archive.pdf
Music,.pdf,marker (text PDFs) / ocrmypdf then marker (scans),"./Music/Piano/Willard A Palmer_ Morton Manus_ Amanda Vick Lethco - Alfred's Basic Adult Piano Course. Level 1, Adult All-In-One Course _ Lesson, Theory, Technic. 1-Alfred Publishing Co. (1996).pdf"
Music,.pdf,marker (text PDFs) / ocrmypdf then marker (scans),"./Music/Rudiments/Barbara Wharram, Kathleen Wood - Elementary Rudiments of Music (2005, The Frederick Harris Music Co.) - libgen.li.pdf"
Music,.pdf,marker (text PDFs) / ocrmypdf then marker (scans),"./Music/Songbooks/The Michael Jackson Collection -- various -- Piano_Vocal_Guitar Songbook, 1995 -- Warner Bros Publications -- afa9d83a433c6d57555d27ae94a47382 -- Anna’s Archive.pdf"
Music,.pdf,marker (text PDFs) / ocrmypdf then marker (scans),./Music/Songbooks/The Real Book - Volume III_ C Instruments -- Hal Leonard -- Hal Leonard -- ec2661678adfe2d233e3614bdda087f8 -- Anna’s Archive.pdf
Music,.pdf,marker (text PDFs) / ocrmypdf then marker (scans),./Music/Songbooks/The Real Book Of Blues.pdf
Music,.pdf,marker (text PDFs) / ocrmypdf then marker (scans),./Music/Songbooks/The Real Book Volume II - Bass Clef -- Hal Leonard -- Hal Leonard Corporation -- 42c5ef2af4b3eb2b59f63ab7160a2c31 -- Anna’s Archive.pdf
Music,.pdf,marker (text PDFs) / ocrmypdf then marker (scans),./Music/Songbooks/The Real Vocal Book_ Volumes I & II -- 7f73f54a79728a576229f55b155c2062 -- Anna’s Archive.pdf
Music,.pdf,marker (text PDFs) / ocrmypdf then marker (scans),"./Music/Songbooks/The real book_ Volume IV, C instruments_ -- Hal Leonard Publishing Corporation -- C instruments_, 2010 -- Hal Leonard Corporation -- 9780634060212 -- f997c33c3d4d565656102c866372d54d -- Anna’s Archive.pdf"
Music,.pdf,marker (text PDFs) / ocrmypdf then marker (scans),"./Music/Songbooks/The real book_ [Volume 1 -- Various Artists -- 6th, 2004-09-01 -- Hal Leonard Corporation -- 9780634060212 -- 9e45daf97a633ec5a03861a2037385a8 -- Anna’s Archive.pdf"
Pedagogy,.pdf,marker (text PDFs) / ocrmypdf then marker (scans),./Pedagogy/George Leonard - Mastery. The Keys To Success And Long Term Fulfillment-Plume (1992).pdf
Pedagogy,.pdf,marker (text PDFs) / ocrmypdf then marker (scans),"./Pedagogy/Mortimer J. Adley, Charles Van Doren - How to Read a Book_ The classic guide to intelligent reading-Simon _ Schuster (1972).pdf"
Permaculture,.pdf,marker (text PDFs) / ocrmypdf then marker (scans),./Permaculture/Bill Mollison - Permaculture_ A Designers' Manual-Tagari Publications (1997).pdf
Practical Engineering,.pdf,marker (text PDFs) / ocrmypdf then marker (scans),./Practical Engineering/20 Woodworking Books Collection Pack-9/Building Classic Arts & Crafts Furniture - Shop Drawings for 33 Traditional Charles Limbert Projects.pdf
Practical Engineering,.pdf,marker (text PDFs) / ocrmypdf then marker (scans),./Practical Engineering/20 Woodworking Books Collection Pack-9/Danny Proulx's 50 Shop-Made Jigs & Fixtures.pdf
Practical Engineering,.pdf,marker (text PDFs) / ocrmypdf then marker (scans),./Practical Engineering/20 Woodworking Books Collection Pack-9/Danny Proulx's Toolboxes & Workbenches - 13 Fast & Easy Projects.pdf
Practical Engineering,.pdf,marker (text PDFs) / ocrmypdf then marker (scans),./Practical Engineering/20 Woodworking Books Collection Pack-9/Easy to Build Birdhouses - A Natural Approach Must Know Info to Attract and Keep the Birds You Want.pdf
Practical Engineering,.pdf,marker (text PDFs) / ocrmypdf then marker (scans),./Practical Engineering/20 Woodworking Books Collection Pack-9/Furniture in the Southern Style - 27 Shop Drawings of Furniture from the Museum of Early Southern Decorative Arts.pdf
Practical Engineering,.pdf,marker (text PDFs) / ocrmypdf then marker (scans),./Practical Engineering/20 Woodworking Books Collection Pack-9/Simply Built Cabinets (Popular Woodworking).pdf
Practical Engineering,.pdf,marker (text PDFs) / ocrmypdf then marker (scans),./Practical Engineering/20 Woodworking Books Collection Pack-9/The Illustrated Handbook of Woodworking Joints.pdf
Practical Engineering,.pdf,marker (text PDFs) / ocrmypdf then marker (scans),./Practical Engineering/20 Woodworking Books Collection Pack-9/The complete handbook of woodworking tools and hardware.pdf
Practical Engineering,.pdf,marker (text PDFs) / ocrmypdf then marker (scans),"./Practical Engineering/The Complete Manual of Woodworking by Albert Jackson, David Day (z-lib.org).pdf"
Practical Engineering,.pdf,marker (text PDFs) / ocrmypdf then marker (scans),./Practical Engineering/Woodworker's Journal Editors. - Weekend Projects for Woodworkers_52 Great Projects You Can Build in a Day or Two - libgen.li.pdf
Religious,.pdf,marker (text PDFs) / ocrmypdf then marker (scans),"./Religious/Sarvepalli Radhakrishnan - The Principal Upanishads Upanisad (1968, George Allen and Unwin Ltd.) - libgen.li.pdf"
Science,.pdf,marker (text PDFs) / ocrmypdf then marker (scans),./Science/(Hemisphere Series on Computational Methods in Mechanics and Thermal Science) Suhas Patankar - Numerical Heat Transfer and Fluid Flow-Taylor _ Francis (1980).pdf
Science,.pdf,marker (text PDFs) / ocrmypdf then marker (scans),./Science/Physics/Electricity _ Magnetism/John David Jackson - Classical electrodynamics-Wiley (1999).pdf
Science,.pdf,marker (text PDFs) / ocrmypdf then marker (scans),./Science/Physics/Electricity _ Magnetism/Modern Problems in Classical Electrodynamics (Physics) by Charles A. Brau (z-lib.org).pdf
Science,.pdf,marker (text PDFs) / ocrmypdf then marker (scans),./Science/Physics/Elementary Physics/N Thompson_ University of Bristol. Dept. of Physics-Thinking like a physicist _ physics problems for undergraduates-Hilger  (1987).pdf
Science,.pdf,marker (text PDFs) / ocrmypdf then marker (scans),./Science/Physics/Elementary Physics/W. G. Rees-Physics by Example_ 200 Problems and Solutions-Cambridge University Press (1994).pdf
Science,.pdf,marker (text PDFs) / ocrmypdf then marker (scans),./Science/Physics/Grad Entrance Exam Prep/Problems and solutions on mechanics.pdf
Science,.pdf,marker (text PDFs) / ocrmypdf then marker (scans),"./Science/Physics/Mechanics/(Course of Theoretical Physics) L D Landau, E.M. Lifshitz - Mechanics. Volume 1-Butterworth-Heinemann (1976).pdf"
Science,.pdf,marker (text PDFs) / ocrmypdf then marker (scans),"./Science/Physics/Mechanics/Classical mechanics a modern perspective by Olsson, Martin G. Barger, Vernon (z-lib.org).pdf"
Science,.pdf,marker (text PDFs) / ocrmypdf then marker (scans),"./Science/Physics/Mechanics/Herbert Goldstein, Charles P. Poole, John L. Safko - Classical Mechanics (3rd Edition)-Addison Wesley (2001).pdf"
Science,.pdf,marker (text PDFs) / ocrmypdf then marker (scans),./Science/Physics/Mechanics/Solutions 1Irodov-Problems.pdf
Science,.pdf,marker (text PDFs) / ocrmypdf then marker (scans),./Science/Physics/Mechanics/Solutions 2Irodov-Problems.pdf
Science,.pdf,marker (text PDFs) / ocrmypdf then marker (scans),./Science/Physics/Mechanics/Taylor_s Classical Mechanics.pdf
Science,.pdf,marker (text PDFs) / ocrmypdf then marker (scans),./Science/Physics/Mechanics/Vibrations_and_Waves_by_A.P_French.pdf
Science,.pdf,marker (text PDFs) / ocrmypdf then marker (scans),./Science/Physics/Modern Physics/David J Griffiths - Introduction to elementary particles-Wiley  (1987).pdf
Science,.pdf,marker (text PDFs) / ocrmypdf then marker (scans),./Science/Physics/Modern Physics/Griffiths - Introduction to quantum mechanics.pdf
Science,.pdf,marker (text PDFs) / ocrmypdf then marker (scans),./Science/Physics/Modern Physics/James B. Hartle - Gravity_ an introduction to Einstein_s General Relativity-Benjamin Cummings (2003).pdf
Science,.pdf,marker (text PDFs) / ocrmypdf then marker (scans),./Science/Physics/Modern Physics/Sean Carroll - Spacetime and Geometry_ An Introduction to General Relativity-Pearson (2003).pdf
Science,.pdf,marker (text PDFs) / ocrmypdf then marker (scans),./Science/Physics/Modern Physics/Weinberg S. Gravitation and cosmology. principles and applications of the general theory of relativity.pdf
Science,.pdf,marker (text PDFs) / ocrmypdf then marker (scans),./Science/Physics/Optics 4h Edition Eugene Hecht.pdf
Science,.pdf,marker (text PDFs) / ocrmypdf then marker (scans),"./Science/Physics/Paul Wilmott, Sam Howison, Jeff Dewynne - The mathematics of financial derivatives_ a student introduction-Cambridge University Press (1995).pdf"
Science,.pdf,marker (text PDFs) / ocrmypdf then marker (scans),./Science/Physics/Thermo/David Chandler - Introduction to modern statistical mechanics-Oxford University Press (1987).pdf
Science,.pdf,marker (text PDFs) / ocrmypdf then marker (scans),./Science/Physics/Thermo/David L. Goodstein - States of matter-Dover Pubns (2002).pdf
Science,.pdf,marker (text PDFs) / ocrmypdf then marker (scans),./Science/Physics/Thermo/J S R Chisholm - Introduction To Statistical Mechanics-PERGAMON PRESS INC (1958).pdf
Science,.pdf,marker (text PDFs) / ocrmypdf then marker (scans),./Science/Physics/Thermo/James Rice - Introduction To Statistical Mechanics -Naismith Press (2007).pdf
Science,.pdf,marker (text PDFs) / ocrmypdf then marker (scans),./Science/S. O. Kasap - Principles of Electronic Materials and Devices. S.O. Kasap  -McGraw-Hill Education (2005).pdf
Social Sciences,.pdf,marker (text PDFs) / ocrmypdf then marker (scans),./Social Sciences/Anarchy State and Utopia by Robert Nozick (z-lib.org).pdf
Social Sciences,.pdf,marker (text PDFs) / ocrmypdf then marker (scans),"./Social Sciences/History, Labour, and Freedom Themes from Marx by G. A. Cohen (z-lib.org).pdf"
Social Sciences,.pdf,marker (text PDFs) / ocrmypdf then marker (scans),./Social Sciences/US History/Oxford American History/The Framers’ Coup The Making of the United States Constitution by Michael J. Klarman (z-lib.org).pdf
Social Sciences,.pdf,marker (text PDFs) / ocrmypdf then marker (scans),"./Social Sciences/USSR/Simon Sebag Montefiore - Stalin_ the court of the Red Tsar (2004, Phoenix (an Imprint of The Orion Publishing Group Ltd )) - libgen.li.pdf"
Social Sciences,.pdf,marker (text PDFs) / ocrmypdf then marker (scans),"./Social Sciences/[Penguin Modern Classics] A J Ayer - Language, Truth and Logic (2001, Penguin Books) - libgen.li.pdf"
Survival,.pdf,marker (text PDFs) / ocrmypdf then marker (scans),"./Survival/Kurt Saxon - Granddad's Wonderful Book Of Chemistry (1987, Atlan Formularies) - libgen.li.pdf"
Survival,.pdf,marker (text PDFs) / ocrmypdf then marker (scans),"./Survival/Kurt Saxon - Granddad's Wonderful Book of Electricity (1980, Atlan Formularies) - libgen.li.pdf"
Survival,.pdf,marker (text PDFs) / ocrmypdf then marker (scans),"./Survival/Kurt Saxon - The Poor Man's James Bond Volume 3 3 (1992, Desert Publications) - libgen.li.pdf"
Survival,.pdf,marker (text PDFs) / ocrmypdf then marker (scans),"./Survival/Kurt Saxon - The Poor Man's James Bond vol 2 (1987, Atlan Formularies) - libgen.li.pdf"
Survival,.pdf,marker (text PDFs) / ocrmypdf then marker (scans),"./Survival/Kurt Saxton - Poor Man's James Bond vol 4 (1997, Atlan Formularies) - libgen.li.pdf"
Survival,.pdf,marker (text PDFs) / ocrmypdf then marker (scans),"./Survival/North, Ryan - How to invent everything _ a survival guide for the stranded time traveler (2018, Riverhead Books) - libgen.li.pdf"
Survival,.pdf,marker (text PDFs) / ocrmypdf then marker (scans),"./Survival/Saxon, Kurt - The Poor Man's James Bond volume I (2012) - libgen.li.pdf"
Survival,.pdf,marker (text PDFs) / ocrmypdf then marker (scans),./Survival/THDD4B~1.PDF
A Very Short Introduction,.txt,copy as-is (already text),./A Very Short Introduction/files.txt
Foreign Languages,.txt,copy as-is (already text),"./Foreign Languages/Japanese/04.Vocabulary, Expressions, Idioms/Textfugu Ultimate Vocabulary Packs/readme.txt"
Foreign Languages,.txt,copy as-is (already text),"./Foreign Languages/Japanese/06.Dictionaries, Phrasebooks/Japanese Slang.txt"
Foreign Languages,.txt,copy as-is (already text),"./Foreign Languages/Japanese/06.Dictionaries, Phrasebooks/Japanese talking dictionary [prog]/japlex install notes.txt"
Foreign Languages,.txt,copy as-is (already text),./Foreign Languages/Japanese/08.Miscellaneous/Game/Knuckles/readme.txt
Games,.txt,copy as-is (already text),./Games/Go/Elementary Go Series/Elementary Go Series.txt
Games,.txt,copy as-is (already text),./Games/Go/Learn To Play Go Series/Learn To Play Go Series.txt
Philosophy,.txt,copy as-is (already text),./Philosophy/philosophy list.txt
